cm_1_1,cm_1_2,cm_1_3,cm_1_4,cm_1_5,cm_1_6,cm_1_7,cm_2_1,cm_2_2,cm_2_3,cm_2_4,cm_2_5,cm_2_6,cm_2_7,cm_3_1,cm_3_2,cm_3_3,cm_3_4,cm_3_5,cm_3_6,cm_3_7,cm_4_1,cm_4_2,cm_4_3,cm_4_4,cm_4_5,cm_4_6,cm_4_7,cm_5_1,cm_5_2,cm_5_3,cm_5_4,cm_5_5,cm_5_6,cm_5_7,cm_6_1,cm_6_2,cm_6_3,cm_6_4,cm_6_5,cm_6_6,cm_6_7,cm_7_1,cm_7_2,cm_7_3,cm_7_4,cm_7_5,cm_7_6,cm_7_7,filename,classifier,date
442,0,17,0,8,0,52,0,0,0,0,0,0,0,11,1,327,2,2,0,59,0,0,0,31,0,0,0,6,0,0,2,437,0,2,2,0,0,0,1,2,1,32,0,66,1,5,0,363,ConfusionMatrix_CART_2018-04-18.csv,CART,2018-04-18
343,0,4,0,0,0,4,0,6,0,0,0,0,0,1,0,335,0,8,0,3,6,0,0,317,0,0,0,0,0,0,0,310,0,1,24,11,39,13,122,49,79,5,0,14,0,0,0,306,ConfusionMatrix_Cons_2018-04-18.csv,Cons,2018-04-18
483,0,18,0,0,0,18,0,0,0,0,0,0,0,0,0,391,0,2,0,9,0,0,0,31,0,0,0,0,0,0,2,443,0,2,1,0,0,0,2,1,2,25,0,60,0,0,0,382,ConfusionMatrix_GBT_2018-04-18.csv,GBT,2018-04-18
474,0,19,0,0,0,26,0,0,0,0,0,0,0,7,0,359,0,2,0,34,2,0,0,29,0,0,0,21,0,7,0,409,0,10,1,0,0,0,2,0,3,30,0,90,0,0,0,347,ConfusionMatrix_KNN_2018-04-18.csv,KNN,2018-04-18
471,0,23,0,0,0,25,0,0,0,0,0,0,0,0,1,389,0,1,0,11,0,0,0,31,0,0,0,0,0,0,2,443,0,2,1,0,0,0,3,1,1,26,0,71,0,0,0,370,ConfusionMatrix_RF_2018-04-18.csv,RF,2018-04-18
177,0,51,0,4,0,287,0,0,0,0,0,0,0,8,1,342,0,1,0,50,0,0,0,31,0,0,0,2,0,0,0,441,2,2,1,0,0,0,1,4,0,26,0,114,5,4,3,315,ConfusionMatrix_SVM_2018-04-18.csv,SVM,2018-04-18
453,0,27,4,4,4,19,0,5,1,0,1,0,0,17,0,285,0,8,0,47,4,0,2,59,0,1,5,4,0,2,0,115,0,0,1,0,1,0,0,6,0,24,0,54,4,0,0,359,ConfusionMatrix_CART_2018-04-23.csv,CART,2018-04-23
327,0,8,0,0,0,1,0,146,0,0,0,0,0,9,0,336,0,3,2,4,4,0,1,353,0,0,2,0,0,0,0,120,0,0,32,44,55,41,0,115,45,12,0,18,2,3,0,317,ConfusionMatrix_Cons_2018-04-23.csv,Cons,2018-04-23
472,0,28,2,0,0,9,0,6,1,0,0,0,0,6,0,330,0,7,0,14,2,0,2,63,0,0,4,0,0,2,0,119,0,0,1,0,1,1,0,5,0,10,0,39,3,0,0,389,ConfusionMatrix_GBT_2018-04-23.csv,GBT,2018-04-23
442,0,36,4,4,0,25,0,3,0,0,3,0,1,11,0,300,0,15,0,31,6,0,4,59,0,0,2,18,0,1,0,90,0,12,1,0,4,0,1,2,0,11,0,45,4,0,0,381,ConfusionMatrix_KNN_2018-04-23.csv,KNN,2018-04-23
461,0,35,4,0,0,11,0,6,0,0,1,0,0,2,1,324,0,11,0,19,3,0,4,62,0,0,2,4,0,0,0,117,0,0,1,0,1,0,0,6,0,14,0,47,2,0,0,378,ConfusionMatrix_RF_2018-04-23.csv,RF,2018-04-23
339,2,46,2,66,0,56,0,5,2,0,0,0,0,86,1,209,1,15,0,45,2,0,0,66,0,0,3,12,0,9,1,97,0,2,0,0,0,2,0,5,1,94,0,119,9,18,0,201,ConfusionMatrix_SVM_2018-04-23.csv,SVM,2018-04-23
436,0,8,2,12,1,27,0,4,0,0,0,0,0,11,0,257,1,1,0,69,0,0,0,36,0,0,1,8,0,5,0,456,0,0,1,0,0,0,2,1,0,13,0,53,0,0,1,404,ConfusionMatrix_CART_2018-05-03.csv,CART,2018-05-03
294,0,2,0,0,0,0,0,66,0,0,3,0,0,3,2,273,1,11,1,37,8,0,2,325,0,0,4,1,0,0,0,320,0,1,69,17,54,13,116,57,6,1,0,10,0,0,0,303,ConfusionMatrix_Cons_2018-05-03.csv,Cons,2018-05-03
476,0,5,0,0,0,5,0,4,0,0,0,0,0,2,0,300,0,3,0,34,0,0,0,37,0,0,0,3,0,0,0,466,0,0,1,0,0,0,1,2,0,5,0,38,0,0,0,428,ConfusionMatrix_GBT_2018-05-03.csv,GBT,2018-05-03
441,0,11,3,7,0,24,0,3,0,0,1,0,0,12,0,281,0,5,0,41,1,0,1,35,0,0,0,17,0,12,3,430,0,7,2,0,0,0,2,0,0,19,0,55,0,1,0,396,ConfusionMatrix_KNN_2018-05-03.csv,KNN,2018-05-03
466,0,6,0,0,0,14,0,4,0,0,0,0,0,1,0,307,0,2,0,29,1,0,0,36,0,0,0,7,0,0,0,460,0,2,1,0,0,0,2,1,0,15,0,42,0,0,0,414,ConfusionMatrix_RF_2018-05-03.csv,RF,2018-05-03
392,0,20,10,5,0,59,0,3,0,0,1,0,0,45,0,205,0,0,0,89,4,0,0,33,0,0,0,63,2,114,0,275,0,15,1,0,0,0,1,2,0,21,0,64,0,19,0,367,ConfusionMatrix_SVM_2018-05-03.csv,SVM,2018-05-03
442,0,20,0,4,0,41,0,2,0,0,0,0,0,20,0,306,0,15,0,61,0,0,0,47,1,0,0,7,0,9,6,352,0,4,0,0,0,0,1,1,1,35,0,64,0,2,0,395,ConfusionMatrix_CART_2018-05-05.csv,CART,2018-05-05
315,0,6,0,0,0,11,0,64,0,0,4,0,0,1,2,325,0,5,2,13,1,0,0,351,3,0,1,1,0,0,1,233,0,0,50,17,91,13,77,83,5,5,0,12,0,0,0,306,ConfusionMatrix_Cons_2018-05-05.csv,Cons,2018-05-05
453,0,22,0,0,0,32,0,1,0,0,1,0,0,7,0,345,0,8,0,42,0,0,0,47,1,0,0,0,0,0,2,376,0,0,0,0,0,0,0,2,1,23,0,48,0,0,0,425,ConfusionMatrix_GBT_2018-05-05.csv,GBT,2018-05-05
455,0,21,0,0,0,31,0,0,0,0,2,0,0,14,0,317,0,20,0,51,0,0,0,44,4,0,0,21,0,14,2,337,0,4,0,0,1,0,0,1,1,47,0,72,0,1,0,376,ConfusionMatrix_KNN_2018-05-05.csv,KNN,2018-05-05
448,0,21,0,0,0,38,0,1,0,0,1,0,0,5,0,337,0,8,0,52,0,0,0,45,3,0,0,4,0,3,4,365,0,2,0,0,0,0,0,2,1,33,0,57,0,0,0,406,ConfusionMatrix_RF_2018-05-05.csv,RF,2018-05-05
278,0,138,0,1,0,90,0,2,0,0,0,0,0,3,0,244,0,22,0,133,1,0,0,43,4,0,0,6,0,18,0,353,0,1,0,0,1,0,0,2,0,44,0,72,0,2,0,378,ConfusionMatrix_SVM_2018-05-05.csv,SVM,2018-05-05
443,0,3,1,2,0,33,0,2,0,0,0,0,0,6,0,258,0,9,0,42,2,0,0,47,0,1,0,5,0,3,0,389,0,4,0,1,0,1,0,11,1,35,0,55,5,4,0,364,ConfusionMatrix_CART_2018-05-08.csv,CART,2018-05-08
307,0,0,0,0,0,5,0,65,2,0,0,0,0,1,2,310,0,25,0,22,3,0,2,313,0,0,0,1,0,2,0,331,0,0,23,60,70,37,5,62,24,6,0,8,0,7,0,307,ConfusionMatrix_Cons_2018-05-08.csv,Cons,2018-05-08
455,0,4,1,0,0,22,0,2,0,0,0,0,0,0,0,279,0,9,0,27,0,0,0,50,0,0,0,2,0,4,0,395,0,0,1,1,0,1,0,11,0,20,0,34,0,0,0,409,ConfusionMatrix_GBT_2018-05-08.csv,GBT,2018-05-08
448,0,8,0,0,0,26,0,0,0,0,2,0,0,5,0,253,0,17,0,40,5,0,0,43,0,1,1,22,0,3,0,360,0,16,2,0,2,3,1,6,0,23,0,48,0,1,0,391,ConfusionMatrix_KNN_2018-05-08.csv,KNN,2018-05-08
454,0,6,0,0,0,22,0,2,0,0,0,0,0,0,0,272,0,11,0,32,3,0,0,47,0,0,0,3,0,4,0,393,0,1,2,0,1,2,0,9,0,18,0,40,2,0,0,403,ConfusionMatrix_RF_2018-05-08.csv,RF,2018-05-08
393,0,9,1,3,0,76,0,2,0,0,0,0,0,15,0,210,0,22,0,68,3,0,0,47,0,0,0,29,0,50,0,304,0,18,2,0,2,2,0,7,1,32,0,53,1,2,0,375,ConfusionMatrix_SVM_2018-05-08.csv,SVM,2018-05-08
457,0,2,0,5,0,26,0,0,0,0,0,0,0,0,0,106,0,7,0,11,0,0,0,53,1,0,0,1,0,5,0,213,0,4,3,0,1,0,0,4,0,27,0,8,0,4,0,476,ConfusionMatrix_CART_2018-05-20.csv,CART,2018-05-20
368,0,0,0,0,0,7,0,77,0,0,0,0,0,0,3,209,0,17,0,9,5,0,0,377,4,0,0,0,0,2,0,159,0,1,84,54,95,15,62,43,27,1,0,0,0,0,0,377,ConfusionMatrix_Cons_2018-05-20.csv,Cons,2018-05-20
474,0,0,0,1,0,15,0,0,0,0,0,0,0,0,0,113,0,4,0,7,0,0,0,53,1,0,0,1,0,3,0,214,0,5,4,0,1,0,0,3,0,6,0,3,0,1,0,505,ConfusionMatrix_GBT_2018-05-20.csv,GBT,2018-05-20
471,0,0,0,0,0,19,0,0,0,0,0,0,0,0,0,104,0,9,0,11,1,0,0,51,1,0,1,13,0,4,1,191,0,14,6,0,1,0,1,0,0,10,0,14,0,3,0,488,ConfusionMatrix_KNN_2018-05-20.csv,KNN,2018-05-20
471,0,0,0,1,0,18,0,0,0,0,0,0,0,0,0,112,0,4,0,8,0,0,0,53,1,0,0,1,0,4,0,211,0,7,3,0,1,0,0,3,1,9,0,6,0,1,0,499,ConfusionMatrix_RF_2018-05-20.csv,RF,2018-05-20
462,0,1,1,2,3,21,0,0,0,0,0,0,0,0,0,75,0,15,0,34,2,0,0,50,0,1,1,11,0,24,0,178,0,10,2,0,1,0,0,5,0,107,0,3,0,5,0,400,ConfusionMatrix_SVM_2018-05-20.csv,SVM,2018-05-20
490,0,1,0,7,0,12,0,0,0,0,0,0,0,2,0,206,0,1,0,20,1,0,0,47,0,0,0,1,0,0,0,55,0,0,1,0,0,0,0,5,1,8,0,9,0,1,0,441,ConfusionMatrix_CART_2018-05-23.csv,CART,2018-05-23
364,0,0,0,0,0,1,0,36,66,0,0,1,4,0,5,275,5,1,10,67,10,0,0,357,0,0,3,0,0,0,0,42,0,0,35,84,36,18,0,199,19,2,0,0,0,0,0,360,ConfusionMatrix_Cons_2018-05-23.csv,Cons,2018-05-23
501,0,0,0,0,0,9,0,0,0,0,0,0,0,0,0,222,0,0,0,7,1,0,0,47,0,0,0,0,0,0,0,56,0,0,0,0,0,0,0,5,2,5,0,1,0,0,0,453,ConfusionMatrix_GBT_2018-05-23.csv,GBT,2018-05-23
487,0,0,0,2,0,21,0,0,0,0,0,0,0,2,0,195,0,1,0,31,4,0,0,43,0,1,0,7,0,0,0,48,0,1,1,0,0,2,0,2,2,7,0,3,0,2,0,447,ConfusionMatrix_KNN_2018-05-23.csv,KNN,2018-05-23
499,0,0,0,0,0,11,0,0,0,0,0,0,0,0,0,223,0,1,0,5,1,0,0,47,0,0,0,0,0,0,0,56,0,0,0,0,0,1,0,4,2,5,0,1,0,1,0,452,ConfusionMatrix_RF_2018-05-23.csv,RF,2018-05-23
490,0,0,0,0,0,20,0,0,0,0,0,0,0,0,0,190,0,1,0,38,2,0,0,46,0,0,0,1,0,0,0,55,0,0,0,0,0,0,0,7,0,31,0,6,0,3,0,419,ConfusionMatrix_SVM_2018-05-23.csv,SVM,2018-05-23
458,0,5,1,14,3,14,0,79,0,0,1,0,0,6,0,375,0,4,0,5,6,0,0,43,0,0,0,3,2,3,0,352,0,1,1,0,0,0,0,2,0,10,0,7,2,3,0,461,ConfusionMatrix_CART_2018-06-07.csv,CART,2018-06-07
277,0,0,0,0,0,1,0,244,0,0,38,13,10,1,0,279,0,7,1,3,1,0,0,286,0,0,0,0,0,1,0,275,0,0,35,31,51,32,11,112,23,2,0,1,0,0,0,265,ConfusionMatrix_Cons_2018-06-07.csv,Cons,2018-06-07
480,0,4,0,0,0,11,0,80,0,0,0,0,0,1,0,381,0,4,0,4,3,0,0,46,0,0,0,1,0,0,0,360,0,0,0,0,0,1,0,2,0,4,0,1,0,0,0,478,ConfusionMatrix_GBT_2018-06-07.csv,GBT,2018-06-07
453,0,15,0,2,0,25,0,78,0,0,1,0,1,5,4,363,0,10,0,8,5,0,0,34,0,2,8,24,5,8,0,314,0,10,2,0,1,0,0,0,0,3,0,4,0,1,0,475,ConfusionMatrix_KNN_2018-06-07.csv,KNN,2018-06-07
473,0,4,0,3,0,15,0,80,0,0,0,0,0,1,0,380,0,5,0,4,2,0,0,46,0,0,1,4,0,0,0,356,0,1,0,0,1,0,0,2,0,3,0,2,0,1,0,477,ConfusionMatrix_RF_2018-06-07.csv,RF,2018-06-07
446,0,22,1,11,0,15,0,79,1,0,0,0,0,9,0,360,0,6,0,15,2,0,0,47,0,0,0,42,5,15,0,289,0,10,0,0,0,0,0,3,0,16,0,18,0,3,0,446,ConfusionMatrix_SVM_2018-06-07.csv,SVM,2018-06-07
459,0,1,7,10,0,8,0,317,0,0,3,0,0,1,0,360,0,22,1,2,5,0,0,53,3,2,1,4,0,10,1,392,0,5,1,0,0,1,0,1,1,18,0,0,0,2,0,469,ConfusionMatrix_CART_2018-07-02.csv,CART,2018-07-02
300,0,0,1,0,0,1,0,272,0,0,9,0,0,0,0,267,0,9,0,4,11,0,0,268,3,0,2,1,1,14,0,280,0,0,20,11,33,24,156,32,2,1,0,1,0,0,0,277,ConfusionMatrix_Cons_2018-07-02.csv,Cons,2018-07-02
477,0,1,3,0,0,4,0,320,0,0,0,0,0,1,0,380,0,4,0,1,4,0,0,55,2,0,3,0,0,6,0,402,0,4,0,0,0,0,1,3,0,2,0,1,0,0,0,486,ConfusionMatrix_GBT_2018-07-02.csv,GBT,2018-07-02
461,0,0,6,1,0,17,0,319,0,0,1,0,0,7,15,350,0,6,0,8,12,0,0,48,0,1,3,22,44,54,0,276,0,16,2,0,0,0,1,1,0,8,0,8,0,1,0,472,ConfusionMatrix_KNN_2018-07-02.csv,KNN,2018-07-02
476,0,0,3,1,0,5,0,319,0,0,1,0,0,3,0,373,0,9,0,1,4,0,0,57,2,0,1,3,1,8,0,399,0,1,0,0,0,0,1,3,0,3,0,2,0,1,0,483,ConfusionMatrix_RF_2018-07-02.csv,RF,2018-07-02
451,0,2,6,3,1,22,0,311,8,0,1,0,0,1,0,222,0,152,0,11,4,0,0,60,0,0,0,22,4,31,0,334,1,20,0,0,0,0,0,4,0,22,0,12,0,13,0,442,ConfusionMatrix_SVM_2018-07-02.csv,SVM,2018-07-02
501,0,0,0,9,1,18,0,328,0,0,9,0,0,0,0,355,0,43,1,7,1,0,0,59,0,2,1,8,12,27,0,356,2,6,0,0,1,1,0,4,0,7,0,5,0,8,1,476,ConfusionMatrix_CART_2018-07-17.csv,CART,2018-07-17
287,0,0,0,0,0,1,0,274,0,0,4,0,0,0,2,278,0,7,0,0,4,0,0,272,4,0,28,0,2,3,0,252,0,0,20,33,75,10,126,43,1,1,0,0,0,2,0,271,ConfusionMatrix_Cons_2018-07-17.csv,Cons,2018-07-17
521,0,0,0,1,0,7,0,337,0,0,0,0,0,0,0,391,0,11,1,3,1,0,0,60,1,0,1,3,2,7,0,396,0,3,0,0,1,1,0,4,0,3,0,1,0,3,0,490,ConfusionMatrix_GBT_2018-07-17.csv,GBT,2018-07-17
513,0,0,0,1,0,15,0,334,1,0,2,0,0,0,37,350,0,16,0,3,7,0,0,52,3,0,1,14,53,51,0,282,0,11,1,0,3,0,1,1,0,11,1,11,0,0,0,474,ConfusionMatrix_KNN_2018-07-17.csv,KNN,2018-07-17
518,0,0,0,2,0,9,0,336,0,0,1,0,0,0,0,388,0,15,0,3,3,0,0,57,2,0,1,6,10,15,0,373,0,7,0,0,1,1,1,3,0,3,0,3,0,7,0,484,ConfusionMatrix_RF_2018-07-17.csv,RF,2018-07-17
466,0,0,1,43,0,19,0,332,0,0,5,0,0,0,71,158,0,172,0,5,2,0,0,59,0,1,1,38,14,17,0,341,0,1,1,1,1,0,0,3,0,33,1,42,0,15,0,406,ConfusionMatrix_SVM_2018-07-17.csv,SVM,2018-07-17
498,0,0,4,1,0,6,0,376,1,0,8,0,0,0,0,371,0,8,1,8,1,0,0,48,2,0,0,5,2,7,0,320,0,4,0,0,3,0,0,4,1,7,0,1,1,4,3,458,ConfusionMatrix_CART_2018-08-03.csv,CART,2018-08-03
263,0,0,0,0,0,0,0,329,1,0,3,0,0,0,0,274,0,1,0,2,2,0,0,298,2,1,1,0,0,1,0,201,0,0,11,70,79,10,70,24,27,2,0,5,0,2,0,321,ConfusionMatrix_Cons_2018-08-03.csv,Cons,2018-08-03
509,0,0,0,0,0,0,0,384,1,0,0,0,0,0,0,378,0,1,1,8,1,0,0,49,0,0,1,0,2,2,2,332,0,0,0,0,2,0,0,5,1,1,0,2,1,0,0,470,ConfusionMatrix_GBT_2018-08-03.csv,GBT,2018-08-03
506,0,0,0,0,0,3,0,374,10,0,1,0,0,3,11,356,0,6,0,12,3,0,0,45,2,0,1,25,18,21,0,259,0,15,0,0,4,0,0,0,4,2,0,3,1,2,0,466,ConfusionMatrix_KNN_2018-08-03.csv,KNN,2018-08-03
505,0,0,0,1,0,3,0,383,1,0,1,0,0,0,0,374,0,4,0,10,1,0,0,50,0,0,0,0,3,3,0,332,0,0,0,0,2,0,0,5,1,1,0,2,1,3,0,467,ConfusionMatrix_RF_2018-08-03.csv,RF,2018-08-03
487,0,11,1,4,0,6,0,380,0,0,5,0,0,0,22,330,0,16,1,19,1,0,0,49,0,0,1,21,14,86,1,205,0,11,0,0,3,0,0,5,0,33,0,29,0,0,1,411,ConfusionMatrix_SVM_2018-08-03.csv,SVM,2018-08-03
508,0,0,0,0,0,0,0,178,0,0,0,2,0,0,0,307,0,3,2,2,0,0,0,10,0,0,1,0,0,0,0,5,0,0,1,1,2,0,0,1,1,2,0,3,2,0,0,376,ConfusionMatrix_CART_2018-10-10.csv,CART,2018-10-10
334,0,0,0,0,0,0,0,325,0,0,0,0,0,0,0,323,0,1,0,10,1,0,0,336,0,0,19,0,0,0,0,2,0,0,23,90,145,0,0,49,12,3,0,52,0,0,0,275,ConfusionMatrix_Cons_2018-10-10.csv,Cons,2018-10-10
508,0,0,0,0,0,0,0,178,0,0,0,2,0,0,0,310,0,3,0,1,0,0,0,11,0,0,0,0,0,0,0,5,0,0,1,1,2,0,0,2,0,0,0,0,0,0,0,383,ConfusionMatrix_GBT_2018-10-10.csv,GBT,2018-10-10
508,0,0,0,0,0,0,0,177,2,0,0,0,1,0,8,300,0,0,0,6,0,0,0,9,0,0,2,0,0,5,0,0,0,0,0,1,5,0,0,0,0,1,0,1,0,0,0,381,ConfusionMatrix_KNN_2018-10-10.csv,KNN,2018-10-10
508,0,0,0,0,0,0,0,180,0,0,0,0,0,0,0,310,0,1,0,3,0,0,0,11,0,0,0,0,0,3,0,2,0,0,1,1,3,0,0,1,0,1,0,1,0,0,0,381,ConfusionMatrix_RF_2018-10-10.csv,RF,2018-10-10
506,0,0,0,0,0,2,0,177,1,0,0,2,0,0,4,303,0,2,0,5,0,0,0,11,0,0,0,0,0,1,0,4,0,0,0,0,1,0,1,4,0,5,0,4,0,0,0,374,ConfusionMatrix_SVM_2018-10-10.csv,SVM,2018-10-10
426,0,0,2,1,0,28,0,371,0,0,3,0,0,1,0,353,0,25,2,11,0,0,0,52,3,0,4,3,4,17,0,393,0,2,2,0,0,0,2,3,4,24,2,6,1,4,0,438,ConfusionMatrix_CART_2018-10-15.csv,CART,2018-10-15
307,0,0,0,0,0,5,0,269,0,0,4,0,0,0,0,269,0,12,0,1,31,0,0,216,3,0,32,0,10,1,0,264,0,1,29,51,99,10,53,12,18,4,1,5,0,0,0,293,ConfusionMatrix_Cons_2018-10-15.csv,Cons,2018-10-15
433,0,0,1,0,0,23,0,373,0,0,1,0,0,1,0,378,0,9,1,3,1,0,0,54,3,1,0,3,0,7,0,408,0,1,3,1,2,1,0,3,1,14,2,2,0,1,0,456,ConfusionMatrix_GBT_2018-10-15.csv,GBT,2018-10-15
422,0,1,0,1,0,33,0,368,1,0,5,0,0,0,11,370,0,8,0,3,11,0,0,37,9,0,2,27,25,35,0,326,0,6,4,0,5,0,1,0,1,23,0,11,0,2,0,439,ConfusionMatrix_KNN_2018-10-15.csv,KNN,2018-10-15
430,0,1,1,1,0,24,0,373,0,0,1,0,0,0,0,378,0,12,0,2,2,0,0,50,6,0,1,3,0,9,0,406,0,1,4,1,2,0,0,1,3,19,2,3,0,2,0,449,ConfusionMatrix_RF_2018-10-15.csv,RF,2018-10-15
401,0,3,0,0,0,53,0,371,0,0,3,0,0,13,6,329,0,40,1,3,1,0,0,57,0,0,1,29,3,26,1,335,0,25,0,1,2,2,0,6,0,63,0,45,0,3,0,364,ConfusionMatrix_SVM_2018-10-15.csv,SVM,2018-10-15
464,0,0,0,3,0,19,0,46,0,0,1,0,2,0,1,367,0,4,0,13,0,0,0,47,0,0,0,2,2,1,0,114,0,0,1,0,0,0,0,2,0,31,0,15,0,1,0,417,ConfusionMatrix_CART_2018-11-16.csv,CART,2018-11-16
308,0,0,0,0,0,1,0,232,0,0,1,0,0,1,0,345,0,0,0,1,1,0,0,330,0,0,2,0,2,0,0,77,0,0,36,124,115,11,0,34,31,3,0,14,0,0,0,331,ConfusionMatrix_Cons_2018-11-16.csv,Cons,2018-11-16
477,0,0,0,0,0,9,0,48,0,0,1,0,0,0,0,381,0,0,0,4,0,0,0,47,0,0,0,0,2,0,0,117,0,0,1,0,0,0,0,1,1,22,0,13,0,0,0,429,ConfusionMatrix_GBT_2018-11-16.csv,GBT,2018-11-16
471,0,2,0,2,0,11,0,42,2,0,4,0,1,2,1,368,0,3,0,11,1,0,0,46,0,0,0,14,0,2,0,99,0,4,2,0,0,0,0,0,1,24,0,21,0,0,0,419,ConfusionMatrix_KNN_2018-11-16.csv,KNN,2018-11-16
476,0,0,0,0,0,10,0,48,0,0,1,0,0,0,0,379,0,1,0,5,0,0,0,47,0,0,0,1,3,0,0,114,0,1,2,0,0,0,0,0,1,23,0,16,0,0,0,425,ConfusionMatrix_RF_2018-11-16.csv,RF,2018-11-16
426,0,1,0,25,2,32,0,43,4,0,1,0,1,2,0,368,0,4,2,9,0,0,0,47,0,0,0,9,2,12,0,93,0,3,0,0,1,0,0,2,0,36,0,41,0,3,1,383,ConfusionMatrix_SVM_2018-11-16.csv,SVM,2018-11-16
492,0,0,1,8,0,31,0,57,0,0,4,0,4,0,0,363,0,4,1,18,2,0,0,55,2,0,1,2,3,12,0,262,0,2,0,0,2,0,1,2,2,25,11,25,0,1,2,407,ConfusionMatrix_CART_2018-12-11.csv,CART,2018-12-11
324,0,0,0,0,0,2,0,217,1,0,6,0,1,0,0,315,0,1,0,8,72,0,0,225,2,0,27,0,1,1,0,184,0,0,33,108,83,0,9,21,59,6,2,6,0,2,1,283,ConfusionMatrix_Cons_2018-12-11.csv,Cons,2018-12-11
515,0,0,1,1,0,15,0,57,0,0,3,0,5,0,0,358,0,2,0,26,3,0,0,57,0,0,0,1,3,1,0,276,0,0,0,0,1,1,2,3,0,15,7,20,0,0,0,429,ConfusionMatrix_GBT_2018-12-11.csv,GBT,2018-12-11
506,0,0,1,0,0,25,0,49,0,0,12,0,4,0,4,353,0,7,0,22,3,0,0,53,1,0,3,14,0,20,0,244,0,3,0,0,2,0,4,0,1,17,19,16,0,0,0,419,ConfusionMatrix_KNN_2018-12-11.csv,KNN,2018-12-11
505,0,0,1,3,0,23,0,59,0,0,3,0,3,0,0,358,0,4,0,24,3,0,0,56,1,0,0,3,3,3,0,272,0,0,0,0,2,0,3,2,0,17,7,18,0,0,0,429,ConfusionMatrix_RF_2018-12-11.csv,RF,2018-12-11
500,0,0,2,5,0,25,0,43,0,0,4,0,18,0,0,338,0,10,0,38,4,0,0,55,0,0,1,14,0,29,0,236,0,2,0,0,4,0,0,2,1,91,14,36,0,1,2,327,ConfusionMatrix_SVM_2018-12-11.csv,SVM,2018-12-11
490,2,3,0,5,0,22,2,95,1,0,0,0,0,2,0,350,0,7,0,38,2,0,1,51,3,0,3,6,2,4,0,327,0,5,1,2,0,0,0,6,0,24,4,38,1,1,2,413,ConfusionMatrix_CART_2019-02-24.csv,CART,2019-02-24
325,1,0,0,0,0,1,0,90,1,0,2,0,4,0,0,336,1,1,0,6,2,0,24,234,4,0,52,1,2,0,0,230,0,0,27,80,155,6,24,26,8,5,9,13,1,0,0,329,ConfusionMatrix_Cons_2019-02-24.csv,Cons,2019-02-24
508,0,5,0,0,0,9,0,97,0,0,1,0,0,0,1,365,0,6,0,25,0,0,0,56,2,0,2,2,1,1,0,340,0,0,1,2,0,0,0,5,1,20,1,26,1,0,1,434,ConfusionMatrix_GBT_2019-02-24.csv,GBT,2019-02-24
505,2,4,0,0,0,11,2,91,0,0,2,0,3,1,6,332,0,15,0,43,2,0,1,52,0,0,5,28,0,21,0,290,0,5,1,1,6,1,0,0,0,22,12,35,0,4,0,410,ConfusionMatrix_KNN_2019-02-24.csv,KNN,2019-02-24
506,1,5,0,0,0,10,0,97,0,0,1,0,0,0,1,371,0,6,0,19,0,0,1,54,1,0,4,4,1,3,0,334,0,2,1,2,2,0,0,4,0,21,2,31,0,3,1,425,ConfusionMatrix_RF_2019-02-24.csv,RF,2019-02-24
487,7,6,0,4,1,17,0,89,6,0,1,0,2,2,0,316,1,4,1,73,1,0,0,57,1,0,1,7,1,12,0,324,0,0,1,2,2,0,0,4,0,54,12,89,1,0,1,326,ConfusionMatrix_SVM_2019-02-24.csv,SVM,2019-02-24
450,0,9,0,6,0,17,0,96,0,0,1,0,4,6,0,283,0,5,0,45,0,0,0,67,0,0,1,1,0,1,0,234,0,2,2,0,2,0,0,1,0,17,5,35,3,1,0,367,ConfusionMatrix_CART_2019-02-27.csv,CART,2019-02-27
322,0,2,0,0,0,1,1,160,0,0,1,0,37,0,0,286,0,2,5,19,4,0,4,311,0,0,6,0,1,0,0,174,0,0,33,69,79,19,3,81,28,3,2,5,0,0,0,342,ConfusionMatrix_Cons_2019-02-27.csv,Cons,2019-02-27
466,0,4,0,1,0,11,0,100,0,0,1,0,0,0,0,307,0,4,0,28,0,0,0,65,0,1,2,0,0,0,0,238,0,0,1,0,1,0,0,3,0,11,2,22,1,0,0,392,ConfusionMatrix_GBT_2019-02-27.csv,GBT,2019-02-27
453,0,11,0,10,0,8,0,98,0,0,1,0,2,5,3,284,0,6,0,41,4,0,1,53,1,0,9,26,0,1,0,205,0,6,2,0,3,0,0,0,0,20,7,28,0,0,0,373,ConfusionMatrix_KNN_2019-02-27.csv,KNN,2019-02-27
455,0,8,0,4,0,15,0,100,0,0,1,0,0,0,0,301,0,4,0,34,1,0,1,62,1,1,2,1,0,0,0,237,0,0,1,0,3,0,0,1,0,14,3,28,0,0,0,383,ConfusionMatrix_RF_2019-02-27.csv,RF,2019-02-27
440,6,9,0,14,0,13,0,91,2,0,0,0,8,17,0,251,0,3,0,68,2,0,0,65,0,0,1,37,0,59,0,142,0,0,1,0,2,0,0,2,0,36,19,24,1,0,0,348,ConfusionMatrix_SVM_2019-02-27.csv,SVM,2019-02-27
449,0,2,2,10,0,13,0,3,0,0,0,0,0,1,0,156,0,4,0,26,1,0,0,44,0,0,0,2,0,10,0,445,0,5,4,0,0,1,2,1,2,17,0,25,0,8,0,417,ConfusionMatrix_CART_2019-04-08.csv,CART,2019-04-08
321,0,0,0,2,0,1,0,0,0,0,4,0,0,0,0,167,0,23,0,93,73,0,0,255,0,0,22,0,0,0,0,360,0,0,91,3,58,4,141,27,23,0,0,6,0,0,0,326,ConfusionMatrix_Cons_2019-04-08.csv,Cons,2019-04-08
465,0,1,2,0,0,8,0,3,0,0,0,0,0,0,0,166,0,4,0,17,2,0,0,43,0,0,0,2,0,3,0,457,0,0,4,0,2,0,1,3,0,10,0,14,0,0,0,443,ConfusionMatrix_GBT_2019-04-08.csv,GBT,2019-04-08
456,0,0,0,4,0,16,0,0,0,0,3,0,0,5,0,145,0,6,0,31,5,0,0,40,0,0,0,12,0,13,0,420,0,17,7,0,0,0,0,0,3,12,0,39,0,0,0,416,ConfusionMatrix_KNN_2019-04-08.csv,KNN,2019-04-08
459,0,1,1,4,0,11,0,3,0,0,0,0,0,0,0,170,0,4,0,13,1,0,0,42,0,0,2,2,0,12,0,446,0,2,5,0,1,0,2,1,1,9,0,19,0,1,0,438,ConfusionMatrix_RF_2019-04-08.csv,RF,2019-04-08
432,0,0,2,1,1,40,0,3,0,0,0,0,0,1,0,85,0,9,0,92,1,0,0,41,1,0,2,19,0,85,0,352,0,6,0,0,1,0,0,9,0,11,0,15,0,1,0,440,ConfusionMatrix_SVM_2019-04-08.csv,SVM,2019-04-08
487,0,0,0,0,0,15,0,0,0,0,0,0,0,1,0,145,0,0,0,19,0,0,0,27,0,0,0,0,0,0,0,0,0,0,0,0,0,1,0,5,0,8,0,20,0,0,0,456,ConfusionMatrix_CART_2019-04-20.csv,CART,2019-04-20
491,0,0,0,0,0,2,0,0,6,0,0,0,0,1,0,170,0,0,0,3,1,0,0,451,0,1,1,0,0,0,0,0,0,0,40,0,190,65,0,145,1,0,0,5,0,0,0,427,ConfusionMatrix_Cons_2019-04-20.csv,Cons,2019-04-20
497,0,0,0,0,0,5,0,0,0,0,0,0,0,0,0,161,0,0,0,4,0,0,0,27,0,0,0,0,0,0,0,0,0,0,0,0,0,0,0,6,0,1,0,11,0,0,0,472,ConfusionMatrix_GBT_2019-04-20.csv,GBT,2019-04-20
491,0,0,0,0,0,11,0,0,0,0,0,0,0,1,0,154,0,0,0,10,1,0,0,24,0,1,1,0,0,0,0,0,0,0,2,0,4,0,0,0,0,5,0,18,0,0,0,461,ConfusionMatrix_KNN_2019-04-20.csv,KNN,2019-04-20
499,0,0,0,0,0,3,0,0,0,0,0,0,0,0,0,158,0,0,0,7,0,0,0,27,0,0,0,0,0,0,0,0,0,0,0,0,0,0,0,6,0,0,0,14,0,0,0,470,ConfusionMatrix_RF_2019-04-20.csv,RF,2019-04-20
482,0,3,0,0,0,17,0,0,0,0,0,0,0,8,0,108,0,0,1,48,0,0,0,27,0,0,0,0,0,0,0,0,0,0,0,0,0,0,0,6,0,19,0,23,0,0,0,442,ConfusionMatrix_SVM_2019-04-20.csv,SVM,2019-04-20
480,0,1,0,7,3,14,0,0,0,0,0,0,0,0,0,190,0,14,0,24,2,0,0,58,1,0,0,5,0,19,0,404,0,15,3,0,0,0,0,4,2,19,0,25,0,7,0,434,ConfusionMatrix_CART_2019-04-23.csv,CART,2019-04-23
339,0,0,0,0,0,0,0,0,0,0,4,0,0,34,0,202,0,16,0,50,4,0,0,341,0,0,2,0,0,2,0,340,0,1,128,0,18,5,92,44,36,6,0,6,0,4,0,326,ConfusionMatrix_Cons_2019-04-23.csv,Cons,2019-04-23
497,0,0,0,0,0,8,0,0,0,0,0,0,0,0,0,207,0,8,0,13,0,0,0,61,0,0,0,5,0,14,0,423,0,1,4,0,0,0,0,4,1,12,0,13,0,2,0,458,ConfusionMatrix_GBT_2019-04-23.csv,GBT,2019-04-23
477,0,2,0,0,0,26,0,0,0,0,0,0,0,2,0,176,0,17,0,33,6,0,0,54,1,0,0,15,0,36,0,376,0,16,6,0,0,0,0,0,3,23,0,27,0,2,0,433,ConfusionMatrix_KNN_2019-04-23.csv,KNN,2019-04-23
490,0,0,0,3,0,12,0,0,0,0,0,0,0,0,0,202,0,9,0,17,0,0,0,61,0,0,0,8,0,16,1,414,0,4,6,0,0,0,0,2,1,9,0,16,0,1,0,459,ConfusionMatrix_RF_2019-04-23.csv,RF,2019-04-23
405,0,2,1,4,71,22,0,0,0,0,0,0,0,16,0,98,0,9,1,104,1,0,0,60,0,0,0,39,0,379,0,20,3,2,0,0,0,0,0,9,0,55,0,25,0,0,1,404,ConfusionMatrix_SVM_2019-04-23.csv,SVM,2019-04-23
478,0,0,0,9,0,21,0,0,0,0,0,0,0,2,0,200,0,15,0,11,0,0,0,51,1,0,0,3,0,17,3,393,0,2,2,0,0,0,0,0,2,36,0,10,0,5,0,434,ConfusionMatrix_CART_2019-05-23.csv,CART,2019-05-23
352,0,0,0,2,0,2,0,5,0,0,12,0,0,0,1,191,0,20,0,11,0,0,0,331,1,0,0,1,0,2,0,372,0,0,48,0,90,7,128,24,65,4,0,2,0,0,0,329,ConfusionMatrix_Cons_2019-05-23.csv,Cons,2019-05-23
488,0,0,0,3,0,17,0,0,0,0,0,0,0,0,0,216,0,6,0,6,0,0,0,51,1,0,0,1,0,3,0,414,0,0,2,0,0,0,0,2,0,20,0,3,0,1,0,461,ConfusionMatrix_GBT_2019-05-23.csv,GBT,2019-05-23
476,0,0,0,4,0,28,0,0,0,0,0,0,0,0,0,188,0,18,0,22,0,0,0,49,2,0,1,15,0,32,3,357,0,11,1,0,0,0,0,0,3,26,0,12,0,3,0,444,ConfusionMatrix_KNN_2019-05-23.csv,KNN,2019-05-23
482,0,0,0,2,0,24,0,0,0,0,0,0,0,0,0,207,0,11,0,10,0,0,0,49,2,0,1,0,0,7,0,410,0,1,0,0,0,0,0,1,3,16,0,4,0,1,0,464,ConfusionMatrix_RF_2019-05-23.csv,RF,2019-05-23
458,0,1,0,2,4,43,0,0,0,0,0,0,0,4,0,172,0,17,4,31,0,0,0,51,0,1,0,17,2,45,1,344,0,9,0,0,3,0,0,1,0,17,0,19,0,0,1,448,ConfusionMatrix_SVM_2019-05-23.csv,SVM,2019-05-23
492,0,0,0,0,1,15,0,460,0,0,0,2,0,1,0,426,0,0,1,18,0,0,0,32,0,0,0,0,0,0,0,1,0,0,1,0,0,0,0,1,4,6,0,12,0,0,0,480,ConfusionMatrix_CART_2019-06-19.csv,CART,2019-06-19
331,0,0,0,0,0,1,0,325,0,0,0,5,0,0,0,331,0,0,1,3,1,0,0,320,0,0,2,0,0,0,0,1,0,0,33,118,119,4,0,55,40,0,0,2,0,0,0,308,ConfusionMatrix_Cons_2019-06-19.csv,Cons,2019-06-19
502,0,1,0,1,1,3,0,460,0,0,0,2,0,0,0,434,0,0,1,11,1,0,0,31,0,0,0,0,0,0,0,1,0,0,1,0,0,0,0,4,1,1,0,7,0,0,0,490,ConfusionMatrix_GBT_2019-06-19.csv,GBT,2019-06-19
502,0,0,0,0,0,6,0,459,3,0,0,0,0,4,13,419,0,0,0,10,0,0,0,26,0,1,5,1,0,0,0,0,0,0,1,0,3,0,0,0,2,2,0,28,0,0,0,468,ConfusionMatrix_KNN_2019-06-19.csv,KNN,2019-06-19
504,0,1,0,0,0,3,0,460,0,0,0,2,0,0,1,436,0,0,0,9,0,0,0,32,0,0,0,0,0,0,0,1,0,0,1,0,2,0,0,1,2,2,0,15,0,0,0,481,ConfusionMatrix_RF_2019-06-19.csv,RF,2019-06-19
503,0,0,0,0,0,5,0,462,0,0,0,0,0,0,2,425,0,0,3,16,0,0,0,32,0,0,0,0,0,0,0,1,0,0,0,0,1,0,0,2,3,7,0,15,0,0,0,476,ConfusionMatrix_SVM_2019-06-19.csv,SVM,2019-06-19
478,0,0,0,4,0,8,0,442,0,0,3,0,0,2,0,381,0,26,5,11,0,0,0,60,2,0,0,9,9,24,1,411,0,7,0,0,2,0,0,1,2,6,0,8,1,5,0,482,ConfusionMatrix_CART_2019-06-22.csv,CART,2019-06-22
309,0,0,0,0,0,0,0,258,0,0,6,0,0,0,0,293,0,11,0,8,23,0,0,271,0,0,0,1,4,8,0,267,0,1,27,27,84,10,77,25,22,2,0,0,0,0,0,266,ConfusionMatrix_Cons_2019-06-22.csv,Cons,2019-06-22
484,0,1,0,2,0,3,0,445,0,0,0,0,0,0,0,413,0,7,0,5,0,0,0,62,0,0,0,7,7,9,0,435,0,3,0,0,3,0,0,1,1,5,0,2,0,0,0,495,ConfusionMatrix_GBT_2019-06-22.csv,GBT,2019-06-22
473,0,0,9,2,0,6,0,440,0,0,5,0,0,4,17,368,0,23,0,13,1,0,0,61,0,0,0,14,70,64,8,292,0,13,1,0,4,0,0,0,0,5,0,5,0,0,0,492,ConfusionMatrix_KNN_2019-06-22.csv,KNN,2019-06-22
481,0,1,2,1,0,5,0,444,0,0,1,0,0,0,0,402,0,16,0,7,0,0,0,62,0,0,0,15,7,12,1,420,0,6,0,0,3,0,0,1,1,5,0,3,0,0,0,494,ConfusionMatrix_RF_2019-06-22.csv,RF,2019-06-22
345,0,1,1,2,1,140,0,426,4,0,15,0,0,3,0,221,0,151,34,16,3,0,0,59,0,0,0,20,12,15,0,396,0,18,0,0,1,1,0,3,0,108,0,12,0,1,1,380,ConfusionMatrix_SVM_2019-06-22.csv,SVM,2019-06-22
491,0,1,0,1,2,22,0,444,0,0,0,3,0,3,0,366,0,8,2,24,0,0,0,59,0,0,5,2,5,0,0,94,0,2,1,0,3,0,0,3,0,13,1,21,0,2,1,468,ConfusionMatrix_CART_2019-09-22.csv,CART,2019-09-22
331,0,1,0,0,0,0,0,311,0,0,0,1,0,0,0,318,0,1,2,1,0,0,0,293,0,0,1,0,0,0,0,57,0,0,11,129,108,4,6,90,0,1,0,4,0,0,0,330,ConfusionMatrix_Cons_2019-09-22.csv,Cons,2019-09-22
505,0,3,0,0,0,9,0,447,0,0,0,0,0,0,0,378,0,5,1,19,0,0,0,61,0,0,3,1,2,0,0,100,0,0,2,0,4,0,0,1,0,5,1,14,0,0,0,486,ConfusionMatrix_GBT_2019-09-22.csv,GBT,2019-09-22
504,0,4,0,0,0,9,0,435,10,0,1,0,1,1,10,350,0,13,0,29,0,0,0,55,0,0,9,9,15,19,0,55,0,5,2,1,3,1,0,0,0,18,1,21,0,0,0,466,ConfusionMatrix_KNN_2019-09-22.csv,KNN,2019-09-22
505,0,4,0,0,0,8,0,446,0,0,0,1,0,0,0,377,0,5,0,21,0,0,0,60,0,0,4,2,2,1,0,96,0,2,2,0,4,1,0,0,0,7,1,16,0,0,0,482,ConfusionMatrix_RF_2019-09-22.csv,RF,2019-09-22
495,0,5,0,0,0,17,0,446,0,0,0,1,0,6,0,366,0,7,0,24,0,0,0,63,0,0,1,6,2,7,0,88,0,0,1,0,5,1,0,0,0,20,0,19,3,0,0,464,ConfusionMatrix_SVM_2019-09-22.csv,SVM,2019-09-22
477,0,6,0,4,0,27,0,294,1,0,11,0,0,7,2,314,3,21,2,18,0,0,1,26,2,0,3,3,9,12,0,404,0,0,0,1,1,1,1,1,2,41,0,11,0,0,3,411,ConfusionMatrix_CART_2019-10-30.csv,CART,2019-10-30
304,0,1,0,0,0,1,0,274,0,0,26,0,0,1,0,282,0,5,0,7,17,0,0,145,0,0,95,0,0,0,0,243,0,0,18,74,115,5,74,9,1,7,0,0,0,0,0,296,ConfusionMatrix_Cons_2019-10-30.csv,Cons,2019-10-30
487,0,5,0,0,0,22,0,303,0,0,3,0,0,1,0,353,0,2,0,11,1,0,1,29,0,0,1,0,0,1,0,427,0,0,0,1,1,0,2,3,0,30,0,4,0,0,0,432,ConfusionMatrix_GBT_2019-10-30.csv,GBT,2019-10-30
477,0,5,0,3,0,29,0,296,0,0,10,0,0,9,18,306,1,7,0,26,1,0,4,22,0,0,5,8,30,27,0,363,0,0,0,0,4,0,2,0,1,38,0,11,0,1,0,416,ConfusionMatrix_KNN_2019-10-30.csv,KNN,2019-10-30
479,0,5,0,1,0,29,0,299,0,0,7,0,0,1,0,345,0,6,0,15,1,0,2,23,0,1,5,0,0,4,0,424,0,0,0,1,2,1,1,1,1,33,0,6,0,0,0,427,ConfusionMatrix_RF_2019-10-30.csv,RF,2019-10-30
463,0,6,0,0,0,45,0,197,71,0,36,2,0,15,1,313,0,9,4,25,3,0,1,25,1,0,2,6,87,112,0,223,0,0,0,0,4,1,1,1,0,181,0,11,0,0,0,274,ConfusionMatrix_SVM_2019-10-30.csv,SVM,2019-10-30
494,0,0,0,7,3,2,0,42,0,0,0,5,0,2,0,330,0,1,5,9,0,0,0,22,0,0,0,3,0,0,0,37,0,0,1,1,6,0,0,0,0,3,0,13,0,0,0,476,ConfusionMatrix_CART_2019-11-29.csv,CART,2019-11-29
328,0,0,0,0,0,1,0,244,0,0,0,9,0,1,1,356,0,0,0,15,63,0,1,298,0,0,8,0,0,0,0,25,0,0,49,107,127,1,1,34,7,0,0,0,0,0,0,324,ConfusionMatrix_Cons_2019-11-29.csv,Cons,2019-11-29
500,0,2,0,2,0,2,0,43,0,0,0,4,0,0,0,336,0,0,0,11,0,0,0,22,0,0,0,1,0,1,0,38,0,0,1,1,5,1,0,0,0,4,0,0,0,0,0,488,ConfusionMatrix_GBT_2019-11-29.csv,GBT,2019-11-29
502,0,1,0,0,0,3,0,46,1,0,0,0,0,5,4,324,0,0,0,14,0,0,0,22,0,0,0,9,9,3,0,19,0,0,1,1,6,0,0,0,0,5,0,0,0,0,0,487,ConfusionMatrix_KNN_2019-11-29.csv,KNN,2019-11-29
502,0,2,0,0,0,2,0,46,0,0,0,1,0,0,0,334,0,0,0,13,0,0,0,22,0,0,0,1,0,0,0,39,0,0,1,1,6,0,0,0,0,5,0,1,0,0,0,486,ConfusionMatrix_RF_2019-11-29.csv,RF,2019-11-29
495,0,0,0,6,1,4,0,42,1,0,0,4,0,10,0,298,0,1,15,23,1,0,0,21,0,0,0,8,0,2,0,30,0,0,1,1,2,1,0,3,0,9,0,0,2,0,0,481,ConfusionMatrix_SVM_2019-11-29.csv,SVM,2019-11-29
454,0,1,0,0,0,28,0,4,1,0,0,0,0,0,0,248,1,4,5,31,1,0,0,52,0,0,1,2,0,3,2,111,0,1,0,0,3,0,0,4,2,32,0,37,0,0,0,416,ConfusionMatrix_CART_2019-12-31.csv,CART,2019-12-31
354,0,0,0,0,0,2,0,60,1,0,9,0,0,0,0,363,0,3,4,8,94,0,0,164,0,0,110,0,0,0,0,88,0,0,63,100,141,2,29,48,19,2,0,2,0,0,0,334,ConfusionMatrix_Cons_2019-12-31.csv,Cons,2019-12-31
470,0,0,0,0,0,13,0,5,0,0,0,0,0,0,0,254,0,3,1,31,0,0,0,53,1,0,0,0,0,1,3,115,0,0,1,0,3,0,0,4,1,16,0,20,0,0,0,449,ConfusionMatrix_GBT_2019-12-31.csv,GBT,2019-12-31
457,0,0,0,0,0,26,0,0,3,0,2,0,0,0,0,238,0,14,0,37,0,0,0,51,0,0,3,6,0,6,7,94,0,6,2,0,5,0,0,0,2,26,0,10,0,0,0,449,ConfusionMatrix_KNN_2019-12-31.csv,KNN,2019-12-31
466,0,0,0,0,0,17,0,4,1,0,0,0,0,0,0,253,0,3,2,31,0,0,0,53,0,0,1,2,0,1,0,115,0,1,1,0,4,0,0,3,1,18,0,18,0,0,0,449,ConfusionMatrix_RF_2019-12-31.csv,RF,2019-12-31
434,0,0,1,0,0,48,0,5,0,0,0,0,0,1,0,126,0,19,5,138,0,0,0,54,0,0,0,2,0,7,4,106,0,0,1,0,3,0,0,1,4,74,0,5,4,0,0,402,ConfusionMatrix_SVM_2019-12-31.csv,SVM,2019-12-31
537,0,0,0,0,0,1,0,1,0,0,0,0,0,0,0,4,0,0,1,2,0,0,0,37,0,0,0,0,0,0,0,0,0,0,1,0,0,0,0,13,0,1,0,1,0,0,0,448,ConfusionMatrix_CART_2020-03-25.csv,CART,2020-03-25
507,0,0,0,0,0,0,0,15,0,0,0,0,0,0,0,38,0,0,1,14,0,0,0,471,0,0,0,0,0,0,0,0,0,0,54,15,65,3,0,278,48,20,0,4,0,0,0,467,ConfusionMatrix_Cons_2020-03-25.csv,Cons,2020-03-25
537,0,0,0,0,0,1,0,1,0,0,0,0,0,0,0,7,0,0,0,0,0,0,0,37,0,0,0,0,0,0,0,0,0,0,1,0,0,0,0,13,0,0,0,1,0,0,0,449,ConfusionMatrix_GBT_2020-03-25.csv,GBT,2020-03-25
538,0,0,0,0,0,0,0,0,1,0,0,0,0,0,0,2,0,0,0,5,0,0,0,37,0,0,0,0,0,0,0,0,0,0,10,0,0,0,0,3,1,4,0,1,0,0,0,445,ConfusionMatrix_KNN_2020-03-25.csv,KNN,2020-03-25
537,0,0,0,0,0,1,0,1,0,0,0,0,0,0,0,5,0,0,0,2,0,0,0,37,0,0,0,0,0,0,0,0,0,0,1,0,0,0,0,13,0,0,0,1,0,0,0,449,ConfusionMatrix_RF_2020-03-25.csv,RF,2020-03-25
535,0,0,0,0,0,3,0,1,0,0,0,0,0,0,0,5,0,0,0,2,0,0,0,37,0,0,0,0,0,0,0,0,0,0,1,0,0,0,0,13,0,9,0,2,0,0,1,438,ConfusionMatrix_SVM_2020-03-25.csv,SVM,2020-03-25
424,0,3,1,2,2,47,0,6,0,0,3,0,0,5,0,271,0,14,0,31,0,0,0,67,0,1,0,5,2,9,0,361,0,3,4,0,0,1,0,4,0,47,0,38,0,2,0,366,ConfusionMatrix_CART_2020-03-28.csv,CART,2020-03-28
346,0,0,0,0,0,3,0,5,0,0,7,0,0,3,0,262,0,24,0,33,2,0,0,316,0,0,0,3,0,1,0,340,0,0,58,0,40,8,124,74,24,2,0,24,0,2,0,299,ConfusionMatrix_Cons_2020-03-28.csv,Cons,2020-03-28
443,0,3,1,0,0,32,0,9,0,0,0,0,0,2,0,292,0,7,0,20,0,0,0,68,0,0,0,3,0,1,0,375,0,1,3,0,0,1,0,5,0,17,0,29,0,0,0,407,ConfusionMatrix_GBT_2020-03-28.csv,GBT,2020-03-28
427,0,6,1,0,0,45,0,5,0,0,4,0,0,12,0,255,0,8,0,46,1,0,0,67,0,0,0,14,1,17,0,341,0,7,8,0,0,1,0,0,0,22,0,42,0,1,0,388,ConfusionMatrix_KNN_2020-03-28.csv,KNN,2020-03-28
441,0,3,1,0,0,34,0,5,0,0,4,0,0,1,0,289,0,8,0,23,0,0,0,68,0,0,0,8,0,5,0,366,0,1,6,0,0,1,0,2,0,20,0,36,0,0,0,397,ConfusionMatrix_RF_2020-03-28.csv,RF,2020-03-28
401,0,8,1,5,0,64,0,5,0,0,4,0,0,24,1,217,0,36,0,43,0,0,0,68,0,0,0,17,24,39,0,299,1,0,2,0,0,0,0,3,4,33,5,105,0,3,2,305,ConfusionMatrix_SVM_2020-03-28.csv,SVM,2020-03-28
471,0,2,0,1,0,29,0,0,0,0,0,0,0,7,0,258,0,2,0,48,0,0,0,57,0,0,0,3,0,8,1,419,0,3,0,0,0,1,0,4,0,56,0,75,0,8,1,328,ConfusionMatrix_CART_2020-04-12.csv,CART,2020-04-12
328,0,0,0,0,0,3,0,6,0,0,1,0,0,0,0,282,0,14,0,27,13,0,0,312,19,0,4,0,0,3,0,312,0,0,32,3,40,2,196,56,15,3,0,13,0,1,0,315,ConfusionMatrix_Cons_2020-04-12.csv,Cons,2020-04-12
474,0,1,0,0,0,28,0,0,0,0,0,0,0,0,0,290,0,1,0,24,1,0,0,56,0,0,0,2,0,3,0,426,0,3,0,0,0,1,0,4,0,33,0,40,0,3,0,392,ConfusionMatrix_GBT_2020-04-12.csv,GBT,2020-04-12
469,0,4,0,0,0,30,0,0,0,0,0,0,0,1,0,270,0,3,0,41,3,0,0,54,0,0,0,16,0,18,0,372,0,28,3,0,1,0,1,0,0,47,0,65,0,3,0,353,ConfusionMatrix_KNN_2020-04-12.csv,KNN,2020-04-12
471,0,1,0,0,0,31,0,0,0,0,0,0,0,0,0,277,0,2,0,36,0,0,0,57,0,0,0,2,0,4,0,422,0,6,0,0,0,0,1,4,0,27,0,41,0,5,0,395,ConfusionMatrix_RF_2020-04-12.csv,RF,2020-04-12
443,0,4,0,1,0,55,0,0,0,0,0,0,0,13,0,236,0,6,0,60,0,0,0,57,0,0,0,25,0,11,3,392,0,3,0,0,0,0,1,4,0,86,0,70,0,0,1,311,ConfusionMatrix_SVM_2020-04-12.csv,SVM,2020-04-12
495,0,0,0,1,0,18,0,0,0,0,0,0,0,0,1,25,0,0,0,4,0,0,0,39,0,0,0,0,0,0,0,34,0,0,2,0,0,0,0,3,0,8,0,12,0,0,0,478,ConfusionMatrix_CART_2020-05-09.csv,CART,2020-05-09
440,0,0,0,0,0,1,0,19,3,0,0,0,0,0,6,83,0,0,1,6,0,0,0,481,1,0,13,0,0,0,0,30,0,0,51,16,217,6,0,142,43,2,0,1,0,0,0,438,ConfusionMatrix_Cons_2020-05-09.csv,Cons,2020-05-09
509,0,0,0,1,0,4,0,0,0,0,0,0,0,0,0,22,0,0,0,8,0,0,0,39,0,0,0,0,0,0,0,34,0,0,1,0,0,0,0,4,0,3,0,4,0,0,0,491,ConfusionMatrix_GBT_2020-05-09.csv,GBT,2020-05-09
507,0,0,0,1,0,6,0,0,0,0,0,0,0,0,0,10,0,1,0,19,0,0,0,39,0,0,0,1,0,0,0,33,0,0,1,0,1,0,0,1,2,4,0,1,0,0,0,493,ConfusionMatrix_KNN_2020-05-09.csv,KNN,2020-05-09
507,0,0,0,1,0,6,0,0,0,0,0,0,0,0,0,21,0,0,0,9,0,0,0,39,0,0,0,0,0,0,0,34,0,0,1,0,0,0,0,4,0,5,0,5,0,0,0,488,ConfusionMatrix_RF_2020-05-09.csv,RF,2020-05-09
506,0,0,0,0,0,8,0,0,0,0,0,0,0,0,0,6,0,0,0,24,0,0,0,39,0,0,0,1,0,0,0,33,0,0,1,0,0,0,0,4,0,9,0,2,0,0,0,487,ConfusionMatrix_SVM_2020-05-09.csv,SVM,2020-05-09
510,0,4,0,3,3,4,0,8,0,0,0,0,0,0,0,307,0,10,0,13,0,0,0,41,0,0,0,1,0,6,0,306,0,3,1,0,1,0,0,6,0,10,0,28,0,6,0,470,ConfusionMatrix_CART_2020-05-29.csv,CART,2020-05-29
330,0,0,0,0,1,1,0,38,0,0,0,0,0,0,0,331,0,5,0,1,0,0,0,367,0,1,0,0,0,0,0,243,0,0,33,12,107,3,35,154,5,0,0,4,0,2,0,327,ConfusionMatrix_Cons_2020-05-29.csv,Cons,2020-05-29
517,0,0,0,1,2,4,0,8,0,0,0,0,0,0,0,322,0,5,0,3,0,0,0,41,0,0,0,1,0,1,0,314,0,0,1,0,1,0,0,6,0,0,0,8,0,2,0,504,ConfusionMatrix_GBT_2020-05-29.csv,GBT,2020-05-29
512,0,0,0,0,0,12,0,8,0,0,0,0,0,7,0,298,0,9,0,16,1,0,0,40,0,0,0,15,0,25,0,263,0,13,2,0,2,0,2,2,0,0,0,19,0,9,0,486,ConfusionMatrix_KNN_2020-05-29.csv,KNN,2020-05-29
513,0,1,0,0,2,8,0,8,0,0,0,0,0,0,0,319,0,6,0,5,1,0,0,40,0,0,0,2,0,3,0,310,0,1,1,0,1,0,1,5,0,0,0,12,0,5,0,497,ConfusionMatrix_RF_2020-05-29.csv,RF,2020-05-29
488,0,0,0,2,1,33,0,8,0,0,0,0,0,0,0,282,0,16,3,29,0,0,0,41,0,0,0,7,0,19,0,288,0,2,1,0,1,0,0,6,0,8,0,7,0,9,0,490,ConfusionMatrix_SVM_2020-05-29.csv,SVM,2020-05-29
502,0,0,0,1,2,6,0,450,0,0,1,0,0,4,0,388,0,4,2,14,0,0,0,46,0,0,0,0,0,1,0,34,0,2,1,1,1,0,0,2,0,5,0,10,0,1,1,479,ConfusionMatrix_CART_2020-06-23.csv,CART,2020-06-23
346,0,0,0,0,0,1,0,357,0,0,0,2,0,1,1,314,0,0,0,2,0,0,0,307,0,0,0,0,0,0,0,27,0,0,71,90,122,4,1,35,0,0,0,0,0,0,0,319,ConfusionMatrix_Cons_2020-06-23.csv,Cons,2020-06-23
507,0,2,0,0,0,2,0,451,0,0,0,0,0,2,0,400,0,1,0,9,0,0,0,46,0,0,0,0,0,0,0,37,0,0,0,1,1,0,0,3,0,1,0,4,0,0,0,491,ConfusionMatrix_GBT_2020-06-23.csv,GBT,2020-06-23
504,0,1,0,0,0,6,0,447,4,0,0,0,0,7,12,381,0,1,0,11,0,0,0,46,0,0,0,11,3,4,0,17,0,2,2,1,1,0,0,1,0,5,0,4,0,0,0,487,ConfusionMatrix_KNN_2020-06-23.csv,KNN,2020-06-23
507,0,1,0,0,0,3,0,451,0,0,0,0,0,2,0,400,0,0,0,10,0,0,0,46,0,0,0,2,1,2,0,32,0,0,0,1,1,0,0,3,0,1,0,5,0,0,0,490,ConfusionMatrix_RF_2020-06-23.csv,RF,2020-06-23
477,0,3,0,0,0,31,0,449,1,0,1,0,0,2,0,401,0,0,0,9,0,0,0,46,0,0,0,0,0,1,0,36,0,0,0,1,3,0,0,1,0,31,0,20,0,0,0,445,ConfusionMatrix_SVM_2020-06-23.csv,SVM,2020-06-23
481,0,2,3,1,1,12,0,408,0,0,4,0,0,2,0,355,0,16,0,19,6,0,0,53,0,0,0,4,7,18,1,431,0,9,2,0,0,1,0,1,0,14,0,7,0,3,0,479,ConfusionMatrix_CART_2020-06-26.csv,CART,2020-06-26
289,0,0,0,0,0,1,0,269,0,0,2,0,0,1,0,282,0,7,0,6,16,0,0,272,0,0,0,1,1,5,0,282,0,0,58,10,77,18,85,7,24,2,0,1,0,0,0,284,ConfusionMatrix_Cons_2020-06-26.csv,Cons,2020-06-26
497,0,2,0,0,0,1,0,410,0,0,2,0,0,1,0,381,0,5,0,5,6,0,0,53,0,0,0,4,1,12,0,451,0,2,2,0,0,0,0,2,0,6,0,3,0,0,0,494,ConfusionMatrix_GBT_2020-06-26.csv,GBT,2020-06-26
481,0,3,7,0,0,9,0,399,4,0,9,0,0,6,4,361,1,7,0,13,1,0,0,58,0,0,0,6,42,62,0,346,0,14,2,0,0,0,0,0,2,5,0,15,0,1,0,482,ConfusionMatrix_KNN_2020-06-26.csv,KNN,2020-06-26
491,0,3,3,0,0,3,0,405,0,0,7,0,0,0,0,378,0,6,0,8,7,0,0,52,0,0,0,5,1,21,0,438,0,5,2,0,0,1,0,1,0,3,0,7,0,0,0,493,ConfusionMatrix_RF_2020-06-26.csv,RF,2020-06-26
463,0,1,1,1,0,34,0,367,8,0,37,0,0,2,0,361,0,8,1,20,5,0,0,54,0,0,0,5,28,27,0,399,0,11,0,0,1,1,0,2,0,53,0,18,0,0,0,432,ConfusionMatrix_SVM_2020-06-26.csv,SVM,2020-06-26
485,0,0,0,2,0,11,0,434,0,0,4,4,0,2,0,384,0,7,2,35,0,0,0,37,0,0,1,2,0,4,0,195,0,0,1,2,0,0,2,1,2,16,0,28,0,1,2,427,ConfusionMatrix_CART_2020-08-07.csv,CART,2020-08-07
333,0,0,0,0,0,1,0,334,0,0,1,0,0,0,0,288,0,1,0,4,0,0,0,283,0,0,10,1,0,0,0,124,0,0,7,108,113,4,15,39,12,1,0,3,0,0,0,318,ConfusionMatrix_Cons_2020-08-07.csv,Cons,2020-08-07
493,0,1,0,0,0,4,0,441,0,0,1,0,0,0,0,402,0,3,0,25,1,0,0,37,0,0,0,0,0,2,0,199,0,0,0,2,2,1,0,3,0,6,0,15,0,0,0,453,ConfusionMatrix_GBT_2020-08-07.csv,GBT,2020-08-07
491,0,0,0,0,0,7,0,431,6,0,3,0,2,2,13,350,0,8,0,57,0,0,0,37,0,0,1,4,4,29,0,162,0,2,0,2,3,0,1,0,2,8,0,23,0,0,0,443,ConfusionMatrix_KNN_2020-08-07.csv,KNN,2020-08-07
490,0,0,0,1,0,7,0,440,0,0,2,0,0,0,0,396,0,3,0,31,1,0,0,37,0,0,0,1,0,7,0,193,0,0,0,2,3,0,0,1,2,8,0,17,0,0,0,449,ConfusionMatrix_RF_2020-08-07.csv,RF,2020-08-07
485,0,1,0,0,0,12,0,436,5,0,0,1,0,2,5,362,0,6,4,51,0,0,0,37,0,1,0,4,2,11,0,184,0,0,0,2,2,0,0,4,0,93,2,33,0,0,0,346,ConfusionMatrix_SVM_2020-08-07.csv,SVM,2020-08-07
487,0,0,1,1,0,19,0,401,0,0,29,3,0,0,0,323,0,36,0,38,0,0,0,51,1,0,2,1,16,27,0,366,0,6,1,0,2,0,0,2,0,28,0,39,0,2,2,402,ConfusionMatrix_CART_2020-08-10.csv,CART,2020-08-10
279,0,0,0,0,0,3,0,257,0,0,3,0,0,0,0,302,0,0,0,7,2,0,0,268,0,0,0,0,3,9,0,270,0,0,20,89,122,5,35,13,22,1,0,16,0,0,0,274,ConfusionMatrix_Cons_2020-08-10.csv,Cons,2020-08-10
490,0,1,0,0,0,17,0,426,0,0,6,0,1,1,0,367,0,2,0,27,1,0,0,53,0,0,0,2,6,17,0,389,0,2,0,0,3,0,0,1,1,14,0,16,0,0,0,443,ConfusionMatrix_GBT_2020-08-10.csv,GBT,2020-08-10
475,0,0,0,0,0,33,0,406,3,0,24,0,0,2,17,328,0,11,0,39,0,0,0,52,0,0,2,4,57,48,0,297,0,10,0,0,3,0,0,0,2,22,1,27,0,0,0,423,ConfusionMatrix_KNN_2020-08-10.csv,KNN,2020-08-10
485,0,0,0,0,0,23,0,424,0,0,9,0,0,0,0,359,0,5,0,33,1,0,0,53,0,0,0,2,16,26,0,369,0,3,0,0,3,0,0,0,2,17,0,20,0,0,0,436,ConfusionMatrix_RF_2020-08-10.csv,RF,2020-08-10
477,0,2,0,6,0,23,0,396,0,0,37,0,0,1,5,342,0,3,0,46,0,0,0,54,0,0,0,5,67,64,0,277,0,3,0,0,5,0,0,0,0,48,0,34,0,0,0,391,ConfusionMatrix_SVM_2020-08-10.csv,SVM,2020-08-10
473,0,2,0,1,0,10,0,443,0,0,3,2,0,7,1,363,0,8,0,42,2,0,0,49,0,0,0,0,3,4,0,235,0,1,0,1,1,0,0,2,0,24,3,36,0,0,0,404,ConfusionMatrix_CART_2020-08-12.csv,CART,2020-08-12
313,0,0,0,0,0,1,0,317,0,0,1,1,0,0,0,308,0,3,1,4,0,0,1,294,0,0,0,0,1,0,0,138,0,0,11,35,78,7,35,129,1,2,0,15,0,0,0,304,ConfusionMatrix_Cons_2020-08-12.csv,Cons,2020-08-12
474,0,1,0,0,0,11,0,447,0,0,1,0,0,0,1,391,0,2,0,27,0,0,0,51,0,0,0,1,0,2,0,240,0,0,0,1,0,0,0,3,0,12,2,13,0,0,1,439,ConfusionMatrix_GBT_2020-08-12.csv,GBT,2020-08-12
478,0,0,0,0,0,8,0,440,5,0,3,0,0,1,19,343,0,5,0,53,3,0,0,48,0,0,0,5,25,15,0,196,0,2,0,4,0,0,0,0,0,18,2,28,0,0,0,419,ConfusionMatrix_KNN_2020-08-12.csv,KNN,2020-08-12
474,0,1,0,0,0,11,0,447,0,0,1,0,0,0,2,380,0,1,0,38,1,0,0,50,0,0,0,1,1,3,0,236,0,2,0,2,1,0,0,1,0,13,2,10,0,0,0,442,ConfusionMatrix_RF_2020-08-12.csv,RF,2020-08-12
477,0,1,0,0,0,8,0,447,0,0,1,0,0,3,5,355,0,6,0,52,0,0,0,51,0,0,0,2,5,11,0,225,0,0,0,1,0,0,0,3,0,30,2,20,0,1,0,414,ConfusionMatrix_SVM_2020-08-12.csv,SVM,2020-08-12
476,0,0,0,1,2,30,0,16,0,0,9,0,0,0,0,312,0,12,3,14,0,0,0,51,0,0,0,7,7,5,0,394,0,2,0,0,2,0,1,3,1,38,0,12,0,3,0,449,ConfusionMatrix_CART_2020-11-08.csv,CART,2020-11-08
291,0,0,0,0,0,2,0,117,0,0,65,0,0,0,1,284,0,12,1,6,3,0,0,271,15,0,3,1,0,0,0,305,0,1,16,25,116,0,112,34,5,2,0,0,0,1,0,311,ConfusionMatrix_Cons_2020-11-08.csv,Cons,2020-11-08
486,0,0,0,0,1,22,0,14,0,0,11,0,0,0,0,327,0,8,0,6,0,0,0,51,0,0,0,6,2,0,0,406,0,1,0,0,2,0,0,5,0,20,0,2,0,0,0,480,ConfusionMatrix_GBT_2020-11-08.csv,GBT,2020-11-08
473,0,0,0,0,0,36,0,14,0,0,11,0,0,1,0,318,0,5,0,17,0,0,0,51,0,0,0,16,16,18,3,359,0,3,1,0,6,0,0,0,0,24,0,6,0,0,0,472,ConfusionMatrix_KNN_2020-11-08.csv,KNN,2020-11-08
478,0,0,0,1,1,29,0,11,0,0,14,0,0,0,0,327,0,7,0,7,0,0,0,51,0,0,0,8,2,5,1,398,0,1,0,0,2,0,0,4,1,22,0,7,0,0,0,473,ConfusionMatrix_RF_2020-11-08.csv,RF,2020-11-08
474,0,0,0,0,0,35,0,22,0,0,2,1,0,4,1,295,0,21,1,19,0,0,0,51,0,0,0,13,150,33,5,213,0,1,0,0,6,0,0,1,0,86,0,10,0,1,0,405,ConfusionMatrix_SVM_2020-11-08.csv,SVM,2020-11-08
447,0,1,0,2,0,37,0,0,0,0,0,0,0,1,0,263,0,4,0,81,0,0,0,43,0,0,0,2,0,1,0,411,1,2,0,0,0,0,1,2,2,32,0,71,0,10,0,344,ConfusionMatrix_CART_2021-03-03.csv,CART,2021-03-03
285,0,0,0,0,0,3,0,0,0,0,15,0,0,0,0,312,0,15,0,21,17,0,0,308,0,0,0,0,0,1,0,311,0,1,17,0,122,5,148,30,36,4,0,29,0,0,0,320,ConfusionMatrix_Cons_2021-03-03.csv,Cons,2021-03-03
466,0,1,0,0,0,20,0,0,0,0,0,0,0,0,0,297,0,3,0,49,1,0,0,42,0,0,0,1,0,1,0,413,0,2,0,0,1,0,1,3,0,13,0,84,0,0,0,360,ConfusionMatrix_GBT_2021-03-03.csv,GBT,2021-03-03
461,0,1,0,0,0,25,0,0,0,0,0,0,0,0,0,303,1,5,0,40,1,0,0,42,0,0,0,3,0,4,0,392,0,18,1,0,2,0,0,0,2,27,0,109,0,0,0,321,ConfusionMatrix_KNN_2021-03-03.csv,KNN,2021-03-03
455,0,1,0,0,0,31,0,0,0,0,0,0,0,0,0,302,0,3,0,44,1,0,0,42,0,0,0,2,0,2,0,411,0,2,0,0,1,0,1,2,1,19,0,101,0,0,0,337,ConfusionMatrix_RF_2021-03-03.csv,RF,2021-03-03
425,0,1,0,1,0,60,0,0,0,0,0,0,0,0,0,249,1,1,0,98,0,0,0,43,0,0,0,0,0,5,0,410,0,2,0,0,0,0,1,2,2,30,0,83,0,1,0,343,ConfusionMatrix_SVM_2021-03-03.csv,SVM,2021-03-03
442,0,9,0,4,1,24,0,6,0,0,2,0,0,18,0,263,0,10,4,135,1,0,0,65,0,0,0,3,0,4,0,305,4,4,1,0,2,0,0,5,1,21,0,115,0,5,0,371,ConfusionMatrix_CART_2021-03-05.csv,CART,2021-03-05
346,0,1,0,0,0,2,0,13,0,0,42,2,0,3,0,293,0,2,1,39,18,0,0,333,0,0,0,1,0,1,0,199,0,0,40,5,103,2,57,80,55,0,0,12,0,0,0,350,ConfusionMatrix_Cons_2021-03-05.csv,Cons,2021-03-05
453,0,17,0,0,0,10,0,6,0,0,2,0,0,4,1,329,1,4,0,91,0,0,0,65,0,1,0,0,0,0,0,318,2,0,1,0,3,0,0,4,1,11,0,81,0,0,0,420,ConfusionMatrix_GBT_2021-03-05.csv,GBT,2021-03-05
440,0,19,0,1,0,20,0,0,5,0,1,0,2,19,0,266,0,14,0,131,0,0,0,66,0,0,0,9,0,13,0,294,0,4,1,0,5,0,1,1,1,13,0,101,0,0,0,398,ConfusionMatrix_KNN_2021-03-05.csv,KNN,2021-03-05
449,0,14,0,0,0,17,0,6,0,0,2,0,0,4,1,313,0,3,0,109,0,0,0,66,0,0,0,3,0,2,0,313,0,2,1,0,2,0,1,4,1,11,0,86,0,1,0,414,ConfusionMatrix_RF_2021-03-05.csv,RF,2021-03-05
415,0,5,0,7,0,53,0,5,1,0,0,0,2,21,1,134,0,2,2,270,0,0,0,66,0,0,0,2,1,5,0,307,0,5,1,0,5,0,0,3,0,36,0,39,0,0,1,436,ConfusionMatrix_SVM_2021-03-05.csv,SVM,2021-03-05
494,0,7,2,4,0,12,0,9,1,0,0,0,0,11,0,252,0,0,1,60,0,0,0,42,0,0,0,0,0,0,0,30,0,0,0,0,1,0,0,3,6,4,1,47,0,2,2,419,ConfusionMatrix_CART_2021-03-30.csv,CART,2021-03-30
377,0,0,0,0,0,2,0,77,0,0,1,0,4,1,1,356,0,0,3,24,65,0,0,319,0,0,1,0,0,0,0,33,0,0,35,69,173,1,9,22,69,0,2,10,0,0,0,346,ConfusionMatrix_Cons_2021-03-30.csv,Cons,2021-03-30
507,0,10,0,0,0,2,0,10,0,0,0,0,0,4,0,291,0,0,0,29,2,0,0,39,1,0,0,0,0,0,0,30,0,0,2,0,2,0,0,5,1,5,0,25,0,0,0,445,ConfusionMatrix_GBT_2021-03-30.csv,GBT,2021-03-30
498,0,13,0,0,0,8,0,10,0,0,0,0,0,6,1,251,0,0,0,66,3,0,0,39,0,0,0,0,0,0,0,28,0,2,0,0,10,0,0,0,0,1,0,39,0,0,0,435,ConfusionMatrix_KNN_2021-03-30.csv,KNN,2021-03-30
504,0,11,0,0,0,4,0,10,0,0,0,0,0,2,0,285,0,1,0,36,2,0,0,39,1,0,0,0,0,0,0,30,0,0,2,0,6,0,0,1,1,4,0,32,0,0,0,439,ConfusionMatrix_RF_2021-03-30.csv,RF,2021-03-30
486,0,26,0,0,0,7,0,10,0,0,0,0,0,15,0,227,0,0,0,82,1,0,0,41,0,0,0,0,0,0,0,30,0,0,1,0,7,0,0,2,0,13,0,74,0,0,0,388,ConfusionMatrix_SVM_2021-03-30.csv,SVM,2021-03-30
492,0,0,0,1,1,23,0,0,0,0,0,0,0,0,0,27,0,2,0,21,1,0,0,44,0,0,0,1,0,7,0,186,1,1,1,0,0,0,1,4,1,24,0,9,0,3,3,469,ConfusionMatrix_CART_2021-04-19.csv,CART,2021-04-19
430,0,0,0,0,0,1,0,0,0,0,31,0,0,1,0,50,0,10,5,11,0,0,0,446,0,1,0,0,0,0,0,158,0,0,31,0,33,2,96,190,78,6,0,1,0,1,0,418,ConfusionMatrix_Cons_2021-04-19.csv,Cons,2021-04-19
509,0,0,0,1,0,7,0,0,0,0,0,0,0,0,0,34,0,2,0,14,1,0,0,44,0,0,0,1,0,4,0,191,0,0,0,0,0,0,0,5,2,15,0,8,0,1,1,483,ConfusionMatrix_GBT_2021-04-19.csv,GBT,2021-04-19
499,0,0,0,2,0,16,0,0,0,0,0,0,0,0,0,21,0,2,0,27,2,0,0,43,0,0,0,4,0,4,0,183,0,5,2,0,0,0,0,1,4,24,0,13,0,4,0,467,ConfusionMatrix_KNN_2021-04-19.csv,KNN,2021-04-19
503,0,0,0,0,0,14,0,0,0,0,0,0,0,0,0,28,0,2,0,20,0,0,0,45,0,0,0,1,0,4,0,190,0,1,0,0,0,0,1,5,1,19,0,7,0,2,1,479,ConfusionMatrix_RF_2021-04-19.csv,RF,2021-04-19
484,0,0,0,7,0,26,0,0,0,0,0,0,0,0,0,17,0,3,0,30,0,0,0,45,0,0,0,3,0,2,0,191,0,0,0,0,0,0,1,6,0,34,0,19,0,3,1,451,ConfusionMatrix_SVM_2021-04-19.csv,SVM,2021-04-19
476,0,1,0,1,1,6,0,0,0,0,0,0,0,0,0,13,0,1,1,4,0,0,0,43,0,0,0,3,0,6,0,415,0,3,0,0,0,0,1,3,0,8,0,4,0,4,1,462,ConfusionMatrix_CART_2021-06-01.csv,CART,2021-06-01
368,0,0,0,0,0,0,0,0,0,0,52,0,0,0,0,51,0,46,1,17,0,0,0,349,0,1,0,1,0,0,0,367,0,1,20,0,96,0,139,45,44,1,0,0,0,0,0,401,ConfusionMatrix_Cons_2021-06-01.csv,Cons,2021-06-01
485,0,0,0,0,0,0,0,0,0,0,0,0,0,0,0,14,0,1,1,3,0,0,0,43,0,0,0,1,0,0,0,426,0,0,0,0,1,0,0,3,0,6,0,3,0,0,0,470,ConfusionMatrix_GBT_2021-06-01.csv,GBT,2021-06-01
482,0,0,0,0,0,3,0,0,0,0,0,0,0,0,0,1,0,4,0,14,0,0,0,43,0,0,0,9,0,0,0,406,0,12,0,0,0,0,1,0,3,14,0,0,0,1,0,464,ConfusionMatrix_KNN_2021-06-01.csv,KNN,2021-06-01
484,0,0,0,0,0,1,0,0,0,0,0,0,0,0,0,12,0,2,0,5,0,0,0,43,0,0,0,3,0,0,0,419,1,4,0,0,0,0,1,3,0,7,0,0,0,0,0,472,ConfusionMatrix_RF_2021-06-01.csv,RF,2021-06-01
478,0,0,0,0,0,7,0,0,0,0,0,0,0,0,0,5,0,5,1,8,0,0,0,43,0,0,0,0,0,7,1,404,1,14,0,0,0,0,0,4,0,10,0,0,0,0,0,469,ConfusionMatrix_SVM_2021-06-01.csv,SVM,2021-06-01
504,0,0,0,0,0,5,0,45,0,0,2,0,0,1,0,340,0,12,3,16,0,0,0,69,0,0,0,2,4,14,0,384,1,4,0,0,0,0,2,3,1,11,0,19,0,3,1,481,ConfusionMatrix_CART_2021-06-16.csv,CART,2021-06-16
292,0,1,0,0,0,0,0,74,0,0,60,0,0,0,1,289,0,4,0,10,0,0,0,325,0,0,0,0,1,7,0,293,0,2,11,19,107,2,123,47,28,2,0,1,0,0,0,301,ConfusionMatrix_Cons_2021-06-16.csv,Cons,2021-06-16
505,0,1,0,0,0,3,0,46,0,0,1,0,0,0,0,350,0,4,0,18,0,0,0,69,0,0,0,1,2,12,0,393,0,1,0,0,0,0,1,4,1,5,0,9,0,1,0,500,ConfusionMatrix_GBT_2021-06-16.csv,GBT,2021-06-16
503,0,3,0,1,0,2,0,45,0,0,2,0,0,0,2,340,0,6,0,24,0,0,0,69,0,0,0,1,3,25,0,376,0,4,0,0,1,0,2,0,3,9,0,37,0,0,0,469,ConfusionMatrix_KNN_2021-06-16.csv,KNN,2021-06-16
505,0,1,0,0,0,3,0,46,0,0,1,0,0,0,0,350,0,3,0,19,0,0,0,69,0,0,0,1,3,15,0,387,0,3,0,0,0,0,2,3,1,6,0,13,0,0,0,496,ConfusionMatrix_RF_2021-06-16.csv,RF,2021-06-16
503,0,2,0,0,0,4,0,32,11,0,4,0,0,1,0,330,0,12,2,27,0,0,0,69,0,0,0,0,10,30,0,366,0,3,0,1,1,0,0,4,0,10,0,52,0,4,0,449,ConfusionMatrix_SVM_2021-06-16.csv,SVM,2021-06-16
461,0,1,0,4,1,8,0,24,1,0,0,0,0,4,1,413,0,2,4,15,0,0,0,50,0,0,0,2,0,2,0,53,0,3,1,0,2,0,3,0,2,15,0,21,0,0,0,457,ConfusionMatrix_CART_2021-06-18.csv,CART,2021-06-18
356,0,0,0,0,0,2,0,94,0,0,33,1,0,0,0,341,0,6,1,4,2,0,0,351,0,0,0,1,0,1,0,58,0,0,14,79,107,4,74,59,38,1,0,3,0,0,0,370,ConfusionMatrix_Cons_2021-06-18.csv,Cons,2021-06-18
468,0,0,0,0,0,7,0,25,0,0,0,0,0,0,0,433,0,2,0,4,0,0,0,50,0,0,0,3,0,2,0,53,0,2,0,0,1,0,0,6,1,9,0,12,0,0,0,472,ConfusionMatrix_GBT_2021-06-18.csv,GBT,2021-06-18
460,0,0,3,1,0,11,0,21,3,0,1,0,0,0,0,411,0,3,0,25,1,0,0,49,0,0,0,4,1,13,0,39,0,3,0,0,3,0,1,3,1,7,0,36,0,0,0,450,ConfusionMatrix_KNN_2021-06-18.csv,KNN,2021-06-18
464,0,0,1,0,0,10,0,25,0,0,0,0,0,0,0,428,0,2,0,9,1,0,0,49,0,0,0,3,0,2,0,53,0,2,0,0,1,0,2,3,2,11,0,14,0,0,0,468,ConfusionMatrix_RF_2021-06-18.csv,RF,2021-06-18
460,0,4,0,0,0,11,0,20,4,0,0,1,0,1,0,409,0,2,1,26,0,0,0,50,0,0,0,1,2,1,0,50,0,6,0,0,1,0,0,7,0,6,0,13,0,0,0,474,ConfusionMatrix_SVM_2021-06-18.csv,SVM,2021-06-18
498,0,1,0,2,0,3,0,383,0,0,7,0,2,2,0,378,0,7,2,33,0,0,0,45,0,0,0,1,7,6,0,228,0,0,0,0,4,0,0,4,0,0,0,26,0,1,0,464,ConfusionMatrix_CART_2021-06-28.csv,CART,2021-06-28
274,0,0,0,0,0,1,0,315,0,0,1,0,0,0,0,308,0,0,0,6,0,0,0,295,0,0,0,0,1,1,0,151,0,0,4,71,110,3,62,50,14,0,0,1,0,0,0,332,ConfusionMatrix_Cons_2021-06-28.csv,Cons,2021-06-28
502,0,0,0,0,0,2,0,391,1,0,0,0,0,0,0,404,0,1,1,16,0,0,0,45,0,0,0,1,3,7,0,231,0,0,0,0,4,0,0,4,0,0,0,11,0,0,0,480,ConfusionMatrix_GBT_2021-06-28.csv,GBT,2021-06-28
501,0,1,0,0,0,2,0,389,0,0,3,0,0,0,19,378,0,0,0,25,0,0,0,45,0,0,0,3,36,28,0,174,0,1,0,0,8,0,0,0,0,0,5,39,0,0,0,447,ConfusionMatrix_KNN_2021-06-28.csv,KNN,2021-06-28
504,0,0,0,0,0,0,0,392,0,0,0,0,0,0,0,402,0,1,0,19,0,0,0,45,0,0,0,1,5,10,0,226,0,0,0,0,5,0,0,3,0,0,1,21,0,0,0,469,ConfusionMatrix_RF_2021-06-28.csv,RF,2021-06-28
499,0,0,0,0,0,5,0,215,110,0,60,0,7,0,0,371,0,8,7,36,0,0,0,45,0,0,0,0,10,5,0,225,0,2,0,0,3,0,0,3,2,0,2,18,0,0,2,469,ConfusionMatrix_SVM_2021-06-28.csv,SVM,2021-06-28
482,0,0,0,0,0,1,0,380,0,0,9,1,0,1,0,405,0,1,1,24,0,0,0,49,0,0,1,0,17,1,0,413,0,2,0,2,0,0,2,3,0,6,2,17,0,1,0,463,ConfusionMatrix_CART_2021-07-16.csv,CART,2021-07-16
266,0,0,0,0,0,1,0,303,0,0,1,0,0,0,0,279,0,0,0,5,9,0,0,273,0,0,3,0,6,0,0,269,0,0,7,83,92,0,123,7,3,5,0,0,0,0,0,264,ConfusionMatrix_Cons_2021-07-16.csv,Cons,2021-07-16
482,0,0,0,0,0,1,0,389,0,0,1,0,0,0,0,418,0,0,1,13,0,0,0,49,0,0,1,0,9,3,0,421,0,0,0,2,0,0,2,3,0,4,0,6,0,0,0,479,ConfusionMatrix_GBT_2021-07-16.csv,GBT,2021-07-16
481,0,0,0,0,0,2,0,382,6,0,2,0,0,1,30,365,0,1,0,35,0,0,0,50,0,0,0,0,50,2,0,381,0,0,1,3,1,0,2,0,0,8,6,12,0,0,0,463,ConfusionMatrix_KNN_2021-07-16.csv,KNN,2021-07-16
481,0,0,0,0,0,2,0,388,0,0,2,0,0,0,0,418,0,0,0,14,0,0,0,50,0,0,0,0,17,3,0,413,0,0,1,2,1,0,2,1,0,5,2,9,0,0,0,473,ConfusionMatrix_RF_2021-07-16.csv,RF,2021-07-16
482,0,0,0,0,0,1,0,387,1,0,2,0,0,0,1,384,0,0,1,46,0,0,0,50,0,0,0,0,16,0,0,417,0,0,1,4,1,0,0,1,0,7,1,43,0,0,0,438,ConfusionMatrix_SVM_2021-07-16.csv,SVM,2021-07-16
500,0,2,0,1,1,0,0,414,0,0,4,1,1,2,0,383,0,2,4,22,0,0,0,49,0,0,0,0,5,0,0,55,0,0,0,1,2,0,0,5,0,2,1,10,0,0,0,522,ConfusionMatrix_CART_2021-09-01.csv,CART,2021-09-01
321,0,0,0,0,0,1,0,342,0,0,0,0,0,0,0,332,0,0,0,6,0,0,0,326,0,0,0,0,1,0,0,29,0,0,5,49,55,4,30,201,1,0,0,1,0,0,0,296,ConfusionMatrix_Cons_2021-09-01.csv,Cons,2021-09-01
502,0,0,0,0,0,2,0,419,0,0,1,0,0,0,0,399,0,0,1,13,0,0,0,49,0,0,0,0,2,0,0,58,0,0,1,1,1,0,0,5,0,0,1,3,0,0,0,531,ConfusionMatrix_GBT_2021-09-01.csv,GBT,2021-09-01
500,0,0,0,0,0,4,0,409,11,0,0,0,0,0,20,352,0,0,0,41,0,0,0,49,0,0,0,0,24,9,0,27,0,0,1,3,3,0,0,0,1,1,0,11,0,0,0,523,ConfusionMatrix_KNN_2021-09-01.csv,KNN,2021-09-01
502,0,0,0,0,0,2,0,419,0,0,1,0,0,0,0,397,0,0,0,16,0,0,0,49,0,0,0,0,3,0,0,57,0,0,1,1,3,0,0,3,0,1,1,4,0,0,0,529,ConfusionMatrix_RF_2021-09-01.csv,RF,2021-09-01
502,0,1,0,0,0,1,0,418,1,0,0,1,0,0,1,384,0,1,2,25,0,0,0,49,0,0,0,0,15,5,0,40,0,0,0,0,1,0,0,6,1,1,1,11,0,0,0,522,ConfusionMatrix_SVM_2021-09-01.csv,SVM,2021-09-01
518,0,4,1,0,0,1,0,434,0,0,2,5,2,4,1,396,0,10,1,20,0,0,0,41,0,0,0,0,4,1,0,461,0,0,0,1,1,0,0,2,1,2,0,5,0,0,0,497,ConfusionMatrix_CART_2021-09-09.csv,CART,2021-09-09
288,0,0,0,0,0,0,0,279,0,0,1,0,0,0,0,278,0,1,0,3,1,0,0,280,0,0,0,0,0,1,0,286,0,0,5,131,57,0,64,13,1,0,0,1,0,0,0,310,ConfusionMatrix_Cons_2021-09-09.csv,Cons,2021-09-09
521,0,2,1,0,0,0,0,443,0,0,0,0,0,0,0,415,0,6,0,11,1,0,0,40,0,0,0,0,2,0,0,464,0,0,0,3,1,0,0,0,1,1,0,0,0,0,0,503,ConfusionMatrix_GBT_2021-09-09.csv,GBT,2021-09-09
522,0,0,0,0,0,2,0,429,11,0,3,0,0,0,22,375,0,3,0,32,4,0,0,37,0,0,0,4,15,17,0,428,0,2,0,1,2,0,2,0,0,2,2,10,0,0,0,490,ConfusionMatrix_KNN_2021-09-09.csv,KNN,2021-09-09
520,0,2,0,2,0,0,0,443,0,0,0,0,0,0,2,411,0,4,0,15,1,0,0,40,0,0,0,0,0,4,0,462,0,0,0,3,1,0,0,0,1,1,1,7,0,0,0,495,ConfusionMatrix_RF_2021-09-09.csv,RF,2021-09-09
520,0,2,0,0,0,2,0,441,2,0,0,0,0,2,2,394,0,1,1,32,1,0,0,40,0,0,0,2,15,52,0,364,33,0,1,1,1,0,0,2,0,0,1,43,0,0,0,460,ConfusionMatrix_SVM_2021-09-09.csv,SVM,2021-09-09
490,0,0,0,0,0,9,0,344,3,0,11,0,0,0,2,375,0,8,2,13,0,0,0,52,0,0,0,1,11,4,0,421,0,0,0,0,1,0,0,3,0,5,0,6,0,0,0,502,ConfusionMatrix_CART_2021-10-09.csv,CART,2021-10-09
285,0,0,0,0,0,0,0,247,0,0,28,0,0,0,0,301,0,0,0,6,0,0,0,262,0,0,0,0,2,0,0,286,0,0,4,40,92,0,130,28,1,0,0,1,0,0,0,287,ConfusionMatrix_Cons_2021-10-09.csv,Cons,2021-10-09
498,0,0,0,0,0,1,0,347,0,0,11,0,0,0,0,394,0,0,0,6,0,0,0,52,0,0,0,1,5,2,0,429,0,0,0,0,2,0,0,2,0,1,0,4,0,0,0,508,ConfusionMatrix_GBT_2021-10-09.csv,GBT,2021-10-09
493,0,0,0,0,0,6,0,348,0,0,10,0,0,4,9,374,0,2,0,11,1,0,0,50,0,0,1,2,23,8,0,404,0,0,0,0,2,0,2,0,0,2,0,7,0,0,0,504,ConfusionMatrix_KNN_2021-10-09.csv,KNN,2021-10-09
495,0,0,0,0,0,4,0,346,0,0,12,0,0,0,1,394,0,1,0,4,1,0,0,51,0,0,0,1,7,3,0,426,0,0,0,0,2,0,0,2,0,1,0,6,0,0,0,506,ConfusionMatrix_RF_2021-10-09.csv,RF,2021-10-09
479,0,0,0,0,0,20,0,334,3,0,16,5,0,0,0,376,0,3,2,19,0,0,0,52,0,0,0,4,16,32,0,379,1,5,0,0,0,0,2,2,0,50,0,8,0,3,0,452,ConfusionMatrix_SVM_2021-10-09.csv,SVM,2021-10-09
477,0,4,0,1,0,26,1,308,0,0,6,0,0,1,1,381,0,5,9,15,0,0,0,48,0,0,0,2,8,6,0,473,2,0,1,0,2,0,0,2,0,30,0,8,0,0,0,430,ConfusionMatrix_CART_2021-10-24.csv,CART,2021-10-24
271,0,0,0,0,0,3,0,237,0,0,42,0,0,0,1,280,0,0,0,9,23,0,0,251,0,0,12,0,0,0,0,293,0,0,19,81,72,0,91,21,0,1,0,0,0,0,0,293,ConfusionMatrix_Cons_2021-10-24.csv,Cons,2021-10-24
476,0,3,0,0,0,29,0,313,0,0,2,0,0,0,0,402,0,1,0,9,0,0,0,48,0,0,0,0,4,6,0,480,0,1,0,0,3,0,0,2,0,10,0,3,0,0,0,455,ConfusionMatrix_GBT_2021-10-24.csv,GBT,2021-10-24
469,1,5,0,0,0,33,0,305,1,0,9,0,0,0,10,369,0,2,0,31,0,0,0,47,0,0,1,4,23,12,0,451,0,1,0,0,5,0,0,0,0,6,0,3,0,0,0,459,ConfusionMatrix_KNN_2021-10-24.csv,KNN,2021-10-24
478,0,3,0,0,0,27,0,310,0,0,5,0,0,0,0,397,0,3,1,11,0,0,0,48,0,0,0,0,8,9,0,473,0,1,0,0,4,0,0,1,0,8,0,4,0,0,0,456,ConfusionMatrix_RF_2021-10-24.csv,RF,2021-10-24
486,0,3,0,2,0,17,0,305,1,0,8,1,0,4,1,379,0,4,0,24,0,0,0,48,0,0,0,2,20,19,0,450,0,0,0,0,3,0,0,2,0,98,0,13,1,0,0,356,ConfusionMatrix_SVM_2021-10-24.csv,SVM,2021-10-24
488,0,3,0,0,0,10,0,339,0,0,4,1,0,2,0,359,0,1,1,16,1,0,0,43,0,0,1,0,2,0,0,142,0,0,3,1,6,0,0,2,0,31,0,15,0,0,0,462,ConfusionMatrix_CART_2021-10-29.csv,CART,2021-10-29
309,0,1,0,0,0,1,0,307,0,0,1,0,0,0,0,330,0,0,1,3,0,0,0,312,0,0,0,0,0,0,0,98,0,0,31,143,147,0,0,17,0,4,0,1,0,0,0,293,ConfusionMatrix_Cons_2021-10-29.csv,Cons,2021-10-29
495,0,1,0,0,0,5,0,340,0,0,4,0,0,0,0,372,0,0,0,7,0,0,0,44,0,0,1,0,1,0,0,143,0,0,1,1,5,0,0,5,0,7,0,10,0,0,0,491,ConfusionMatrix_GBT_2021-10-29.csv,GBT,2021-10-29
492,0,2,0,0,0,7,0,335,0,0,9,0,0,0,13,344,0,0,0,22,0,0,0,44,0,0,1,1,15,7,0,121,0,0,1,2,9,0,0,0,0,26,0,12,0,0,0,470,ConfusionMatrix_KNN_2021-10-29.csv,KNN,2021-10-29
495,0,1,0,0,0,5,0,339,0,0,5,0,0,0,0,364,0,0,0,15,0,0,0,44,0,0,1,0,4,0,0,140,0,0,2,1,8,0,0,1,0,15,0,13,0,0,0,480,ConfusionMatrix_RF_2021-10-29.csv,RF,2021-10-29
484,0,2,0,0,0,15,0,324,2,0,18,0,0,0,0,354,0,0,1,24,1,0,0,44,0,0,0,14,10,13,0,107,0,0,0,1,9,0,0,2,0,33,0,22,0,0,0,453,ConfusionMatrix_SVM_2021-10-29.csv,SVM,2021-10-29
445,0,0,0,3,0,23,0,27,0,0,6,0,0,0,0,180,0,4,0,5,0,0,0,56,0,1,0,5,12,9,0,302,0,4,2,0,0,2,1,6,0,37,0,13,0,6,0,414,ConfusionMatrix_CART_2021-12-25.csv,CART,2021-12-25
397,0,0,0,0,0,1,0,26,0,0,23,0,0,0,0,194,1,4,0,0,0,0,0,377,0,17,6,1,6,0,0,262,0,2,21,28,60,20,96,86,15,5,0,1,0,0,0,351,ConfusionMatrix_Cons_2021-12-25.csv,Cons,2021-12-25
455,0,0,0,2,0,14,0,25,0,0,8,0,0,0,0,184,0,3,0,2,0,0,0,57,0,0,0,1,4,2,0,321,0,4,3,0,0,0,0,7,1,22,0,3,0,0,0,445,ConfusionMatrix_GBT_2021-12-25.csv,GBT,2021-12-25
452,0,0,0,0,0,19,0,11,0,0,22,0,0,0,0,178,0,5,0,6,1,0,0,56,0,0,0,11,7,15,0,290,0,9,3,0,0,0,0,6,2,33,0,8,0,0,0,429,ConfusionMatrix_KNN_2021-12-25.csv,KNN,2021-12-25
452,0,0,0,0,0,19,0,23,0,0,10,0,0,0,0,185,0,3,0,1,0,0,0,57,0,0,0,1,7,1,0,316,0,7,3,0,0,0,0,7,1,23,0,9,0,0,0,438,ConfusionMatrix_RF_2021-12-25.csv,RF,2021-12-25
440,0,0,0,0,2,29,0,12,0,0,21,0,0,0,0,164,0,2,1,22,0,0,0,57,0,0,0,15,17,27,0,271,0,2,2,0,0,0,0,9,0,52,0,5,0,0,0,413,ConfusionMatrix_SVM_2021-12-25.csv,SVM,2021-12-25
476,0,1,0,0,0,14,0,14,3,0,12,0,0,0,1,237,0,1,1,30,1,0,0,52,0,0,0,0,6,5,0,82,0,0,0,0,3,0,0,6,0,9,0,30,0,0,1,443,ConfusionMatrix_CART_2022-02-23.csv,CART,2022-02-23
393,0,0,0,0,0,3,0,15,4,0,2,0,0,0,0,367,0,0,6,15,27,0,0,318,0,0,22,0,3,0,0,73,0,0,55,9,246,0,15,55,5,2,0,6,0,0,0,359,ConfusionMatrix_Cons_2022-02-23.csv,Cons,2022-02-23
484,0,0,0,0,0,7,0,20,1,0,8,0,0,0,0,236,0,0,1,33,0,0,0,53,0,0,0,0,5,3,0,85,0,0,1,0,3,0,0,5,0,4,0,17,0,0,0,462,ConfusionMatrix_GBT_2022-02-23.csv,GBT,2022-02-23
482,0,1,0,0,0,8,0,19,2,0,8,0,0,0,0,223,0,3,0,44,4,0,0,49,0,0,0,6,9,7,0,69,0,2,1,0,5,0,0,3,0,13,0,17,0,0,0,453,ConfusionMatrix_KNN_2022-02-23.csv,KNN,2022-02-23
482,0,0,0,0,0,9,0,18,1,0,10,0,0,0,0,235,0,0,1,34,2,0,0,51,0,0,0,0,6,5,0,82,0,0,1,0,3,0,0,4,1,6,0,15,0,0,0,462,ConfusionMatrix_RF_2022-02-23.csv,RF,2022-02-23
458,0,1,0,0,0,32,0,15,1,0,13,0,0,0,0,202,0,0,5,63,3,0,0,50,0,0,0,8,11,21,0,53,0,0,2,0,1,0,0,5,1,20,0,23,0,0,0,440,ConfusionMatrix_SVM_2022-02-23.csv,SVM,2022-02-23
491,0,0,0,2,0,12,0,8,0,0,2,0,0,0,0,255,0,12,1,52,0,0,0,50,0,0,0,4,0,11,2,412,0,2,0,0,1,0,2,5,1,15,0,51,0,0,0,426,ConfusionMatrix_CART_2022-03-08.csv,CART,2022-03-08
342,0,0,0,0,0,1,0,4,0,0,3,0,0,0,0,256,0,10,2,30,18,0,0,329,2,0,1,1,0,1,0,317,0,0,56,0,62,5,116,92,6,0,0,5,0,0,0,341,ConfusionMatrix_Cons_2022-03-08.csv,Cons,2022-03-08
502,0,0,1,0,0,2,0,8,0,0,2,0,0,0,0,286,0,11,1,22,0,0,0,50,0,0,0,1,0,3,1,426,0,0,0,0,2,0,0,7,0,5,0,42,0,0,0,445,ConfusionMatrix_GBT_2022-03-08.csv,GBT,2022-03-08
500,0,0,0,0,0,5,0,1,0,0,9,0,0,0,0,272,0,15,0,33,0,0,0,50,0,0,0,10,2,5,3,394,0,17,5,0,4,0,0,0,0,18,0,52,0,0,0,422,ConfusionMatrix_KNN_2022-03-08.csv,KNN,2022-03-08
501,0,0,1,0,0,3,0,6,0,0,4,0,0,0,0,286,0,12,0,22,0,0,0,50,0,0,0,3,0,5,2,416,0,5,1,0,2,0,1,5,0,8,0,45,0,0,0,439,ConfusionMatrix_RF_2022-03-08.csv,RF,2022-03-08
415,0,0,3,72,1,14,0,0,1,0,9,0,0,0,0,251,0,11,1,57,0,0,0,49,1,0,0,8,0,103,2,313,0,5,0,0,2,0,0,7,0,21,0,54,0,0,0,417,ConfusionMatrix_SVM_2022-03-08.csv,SVM,2022-03-08
462,0,0,0,0,0,12,0,12,1,0,4,0,0,0,1,177,0,3,1,10,0,0,0,57,0,0,0,0,8,3,0,200,0,4,0,0,0,0,0,5,5,14,0,23,0,0,1,465,ConfusionMatrix_CART_2022-03-10.csv,CART,2022-03-10
378,0,0,0,0,0,2,0,4,0,0,1,0,0,0,0,212,0,2,3,0,0,0,0,439,0,0,8,0,4,0,0,155,0,2,45,0,141,3,18,150,25,0,0,8,0,0,0,400,ConfusionMatrix_Cons_2022-03-10.csv,Cons,2022-03-10
468,0,0,0,0,0,6,0,14,0,0,3,0,0,0,0,186,0,2,0,4,1,0,0,56,0,0,0,1,5,0,0,207,0,2,0,0,0,0,0,9,1,10,0,17,0,0,0,476,ConfusionMatrix_GBT_2022-03-10.csv,GBT,2022-03-10
461,0,0,0,0,0,13,0,2,0,0,15,0,0,1,0,180,0,4,0,7,2,0,0,55,0,0,0,3,3,4,0,201,0,4,6,0,4,0,0,0,0,23,0,33,0,0,0,447,ConfusionMatrix_KNN_2022-03-10.csv,KNN,2022-03-10
466,0,0,0,0,0,8,0,12,0,0,5,0,0,0,0,182,0,6,0,4,0,0,0,57,0,0,0,1,8,0,0,203,0,3,0,0,1,0,0,5,4,13,0,26,0,0,0,464,ConfusionMatrix_RF_2022-03-10.csv,RF,2022-03-10
461,0,0,0,0,0,13,0,1,0,0,16,0,0,0,0,160,0,4,0,28,0,0,0,57,0,0,0,1,4,3,0,207,0,0,1,0,1,0,0,8,0,37,0,36,1,0,2,427,ConfusionMatrix_SVM_2022-03-10.csv,SVM,2022-03-10
471,0,0,0,4,1,16,0,0,0,0,0,0,0,0,0,341,0,10,0,86,0,0,0,46,0,0,1,3,1,7,0,298,0,2,2,0,0,0,0,4,3,14,0,118,0,6,1,327,ConfusionMatrix_CART_2022-03-20.csv,CART,2022-03-20
390,0,0,0,0,0,0,0,0,0,0,0,0,0,0,0,323,0,8,3,11,0,0,0,354,0,0,0,1,0,0,0,191,0,0,46,1,51,1,29,188,25,2,0,42,0,0,0,334,ConfusionMatrix_Cons_2022-03-20.csv,Cons,2022-03-20
486,0,0,0,0,0,6,0,0,0,0,0,0,0,0,0,382,0,7,0,48,0,0,0,47,0,0,0,1,1,3,0,306,0,0,1,0,0,0,1,6,1,10,0,110,0,0,0,346,ConfusionMatrix_GBT_2022-03-20.csv,GBT,2022-03-20
485,0,0,1,1,0,5,0,0,0,0,0,0,0,0,0,379,0,19,0,39,1,0,0,46,0,0,0,6,0,12,0,290,0,3,2,0,1,0,2,2,2,22,0,141,0,1,0,302,ConfusionMatrix_KNN_2022-03-20.csv,KNN,2022-03-20
486,0,0,0,0,0,6,0,0,0,0,0,0,0,0,0,387,0,10,0,40,1,0,0,46,0,0,0,1,1,3,0,304,0,2,1,0,0,0,2,5,1,12,0,122,0,0,1,331,ConfusionMatrix_RF_2022-03-20.csv,RF,2022-03-20
468,0,0,2,11,0,11,0,0,0,0,0,0,0,1,0,252,0,15,0,169,0,0,0,47,0,0,0,19,0,2,0,289,0,1,1,0,1,0,0,6,1,42,0,123,0,3,0,298,ConfusionMatrix_SVM_2022-03-20.csv,SVM,2022-03-20
378,0,8,1,6,1,58,0,3,1,0,0,0,0,7,0,358,1,7,0,60,0,0,0,50,3,0,0,3,1,7,0,379,0,2,1,0,0,1,2,5,1,68,0,60,0,2,0,364,ConfusionMatrix_CART_2022-03-23.csv,CART,2022-03-23
337,0,0,0,0,0,14,0,1,0,0,1,0,0,2,0,307,0,1,0,11,33,0,0,316,0,0,0,1,0,2,0,318,0,0,62,0,66,54,82,58,10,4,0,12,0,0,0,308,ConfusionMatrix_Cons_2022-03-23.csv,Cons,2022-03-23
404,0,5,0,1,0,42,0,2,0,0,2,0,0,2,0,395,0,4,0,32,0,0,0,53,0,0,0,0,0,2,0,390,0,0,2,0,0,1,2,4,1,33,0,48,0,0,0,413,ConfusionMatrix_GBT_2022-03-23.csv,GBT,2022-03-23
382,0,6,0,0,0,64,0,0,0,0,4,0,0,4,0,363,0,4,0,62,0,0,0,52,0,0,1,5,0,17,0,367,0,3,4,0,1,1,3,0,1,34,0,84,0,0,0,376,ConfusionMatrix_KNN_2022-03-23.csv,KNN,2022-03-23
388,0,4,0,1,0,59,0,2,0,0,2,0,0,1,0,390,0,4,0,38,0,0,0,53,0,0,0,2,0,3,0,386,0,1,4,0,0,1,2,1,2,34,0,59,0,0,0,401,ConfusionMatrix_RF_2022-03-23.csv,RF,2022-03-23
393,0,7,1,0,1,50,0,0,0,0,4,0,0,8,0,341,0,6,0,78,2,0,0,50,0,0,1,6,0,7,0,378,1,0,2,0,2,0,0,6,0,96,0,77,0,0,0,321,ConfusionMatrix_SVM_2022-03-23.csv,SVM,2022-03-23
471,0,3,0,3,2,37,0,3,0,0,1,0,0,9,0,348,1,5,0,60,3,0,1,60,0,0,0,2,1,7,2,241,0,1,0,0,0,0,0,2,2,35,0,48,0,2,2,364,ConfusionMatrix_CART_2022-03-25.csv,CART,2022-03-25
352,0,0,0,0,0,7,0,1,0,0,0,0,0,1,0,346,1,4,0,8,0,0,0,373,0,0,0,0,0,0,1,175,0,0,48,0,36,56,102,133,15,8,0,11,0,0,0,322,ConfusionMatrix_Cons_2022-03-25.csv,Cons,2022-03-25
475,0,0,0,0,0,41,0,3,0,0,1,0,0,4,0,378,0,7,0,34,2,0,0,60,1,0,1,0,1,2,1,249,0,1,0,0,0,0,0,4,0,14,0,33,0,0,0,404,ConfusionMatrix_GBT_2022-03-25.csv,GBT,2022-03-25
467,0,4,0,0,0,45,0,0,0,0,4,0,0,9,0,348,0,5,0,61,5,0,1,55,0,0,3,7,0,17,0,212,0,18,1,0,0,1,0,1,1,11,0,58,0,0,0,382,ConfusionMatrix_KNN_2022-03-25.csv,KNN,2022-03-25
478,0,0,0,0,0,38,0,3,0,0,1,0,0,6,0,371,0,5,0,41,3,0,1,60,0,0,0,0,1,6,1,245,0,1,1,0,0,0,0,3,0,11,0,44,0,1,0,395,ConfusionMatrix_RF_2022-03-25.csv,RF,2022-03-25
440,0,12,0,1,2,61,0,1,0,0,3,0,0,23,0,314,0,7,0,79,4,0,0,58,1,0,1,9,0,13,0,231,0,1,0,0,0,0,0,4,0,66,0,67,0,0,1,317,ConfusionMatrix_SVM_2022-03-25.csv,SVM,2022-03-25
481,0,1,0,1,0,21,0,8,0,0,3,0,0,1,0,262,0,16,0,101,1,0,0,63,1,0,1,2,8,13,0,423,0,4,1,0,0,0,0,3,1,16,0,68,0,2,0,394,ConfusionMatrix_CART_2022-04-22.csv,CART,2022-04-22
332,0,0,0,0,0,4,0,4,0,0,12,0,0,0,0,261,0,6,0,61,0,0,0,334,0,0,0,0,1,1,0,321,0,0,63,0,67,15,83,102,16,4,0,8,0,0,0,305,ConfusionMatrix_Cons_2022-04-22.csv,Cons,2022-04-22
492,0,1,0,0,0,11,0,10,0,0,1,0,0,0,0,325,0,7,0,48,1,0,0,65,0,0,0,1,5,4,0,439,0,1,2,0,0,0,0,3,0,9,0,52,0,0,0,419,ConfusionMatrix_GBT_2022-04-22.csv,GBT,2022-04-22
482,0,2,0,0,0,20,0,5,0,0,6,0,0,1,0,281,0,10,0,88,3,0,2,60,1,0,0,3,4,14,1,420,0,8,1,0,1,0,0,0,3,18,0,80,0,0,0,382,ConfusionMatrix_KNN_2022-04-22.csv,KNN,2022-04-22
491,0,1,0,0,0,12,0,10,0,0,1,0,0,0,0,317,0,8,0,55,1,0,0,64,0,0,1,2,5,10,0,433,0,0,3,0,0,0,0,2,0,12,0,58,0,0,0,410,ConfusionMatrix_RF_2022-04-22.csv,RF,2022-04-22
482,0,1,0,0,2,19,0,0,0,0,11,0,0,5,0,221,0,17,0,137,4,0,1,61,0,0,0,9,3,20,0,418,0,0,2,0,0,0,0,3,0,67,0,77,0,4,0,332,ConfusionMatrix_SVM_2022-04-22.csv,SVM,2022-04-22
496,0,1,0,2,2,4,0,0,0,0,0,0,0,0,0,203,0,1,0,37,0,0,0,25,0,0,0,1,0,1,0,391,0,0,0,0,0,0,0,1,1,12,0,33,0,0,1,425,ConfusionMatrix_CART_2022-05-02.csv,CART,2022-05-02
382,0,0,0,0,0,0,0,0,0,0,13,0,0,0,0,200,0,13,0,52,0,0,0,363,0,0,0,0,0,0,0,291,0,0,62,0,50,19,106,99,7,1,0,11,0,0,0,331,ConfusionMatrix_Cons_2022-05-02.csv,Cons,2022-05-02
503,0,1,0,0,0,1,0,0,0,0,0,0,0,0,0,221,0,0,0,20,0,0,0,25,0,0,0,1,0,0,0,392,0,0,0,0,0,1,0,1,0,3,0,18,0,0,0,450,ConfusionMatrix_GBT_2022-05-02.csv,GBT,2022-05-02
498,0,2,0,0,0,5,0,0,0,0,0,0,0,1,0,167,0,1,0,72,3,0,0,22,0,0,0,3,0,6,0,383,0,1,2,0,0,0,0,0,0,6,0,24,0,0,0,441,ConfusionMatrix_KNN_2022-05-02.csv,KNN,2022-05-02
498,0,2,0,2,0,3,0,0,0,0,0,0,0,0,0,209,0,0,0,32,1,0,0,24,0,0,0,0,0,2,0,391,0,0,0,0,0,0,0,2,0,3,0,21,0,0,0,447,ConfusionMatrix_RF_2022-05-02.csv,RF,2022-05-02
494,0,0,0,0,3,8,0,0,0,0,0,0,0,2,0,100,0,8,2,129,0,0,0,25,0,0,0,0,0,2,0,391,0,0,1,0,0,0,0,1,0,10,0,6,0,0,0,455,ConfusionMatrix_SVM_2022-05-02.csv,SVM,2022-05-02
500,0,3,2,1,1,13,0,30,0,0,1,0,0,4,0,294,0,0,0,64,0,0,0,53,0,0,0,0,8,1,0,111,0,0,0,0,0,0,0,7,0,12,0,37,0,0,0,407,ConfusionMatrix_CART_2022-05-09.csv,CART,2022-05-09
367,0,1,0,0,0,2,0,26,0,0,3,0,0,0,0,332,0,1,2,37,0,0,0,388,0,0,0,0,4,0,0,90,0,0,32,2,80,18,68,153,1,2,0,4,0,1,0,386,ConfusionMatrix_Cons_2022-05-09.csv,Cons,2022-05-09
504,0,4,0,0,0,12,0,29,0,0,2,0,0,0,0,326,0,1,0,35,0,0,0,53,0,0,0,0,6,1,0,113,0,0,0,0,0,1,0,6,0,5,0,26,0,0,0,425,ConfusionMatrix_GBT_2022-05-09.csv,GBT,2022-05-09
494,0,7,0,0,0,19,0,25,0,0,6,0,0,0,0,279,0,2,0,81,0,0,1,52,0,0,0,4,12,5,0,95,0,4,6,0,1,0,0,0,0,3,0,28,0,0,0,425,ConfusionMatrix_KNN_2022-05-09.csv,KNN,2022-05-09
495,0,5,0,0,0,20,0,29,0,0,2,0,0,0,0,324,0,0,0,38,0,0,0,53,0,0,0,0,8,1,0,111,0,0,1,0,0,0,0,6,0,5,0,26,0,0,0,425,ConfusionMatrix_RF_2022-05-09.csv,RF,2022-05-09
488,0,7,0,0,0,25,0,12,0,0,19,0,0,2,0,206,0,4,0,150,1,0,0,52,0,0,0,0,2,5,0,113,0,0,0,0,0,0,0,7,0,6,0,43,0,0,0,407,ConfusionMatrix_SVM_2022-05-09.csv,SVM,2022-05-09
453,0,0,1,8,0,9,0,61,0,0,4,0,0,0,1,356,0,17,0,6,3,0,0,46,0,0,0,10,4,10,0,209,1,1,1,0,1,0,2,3,5,5,0,3,0,1,0,471,ConfusionMatrix_CART_2022-06-03.csv,CART,2022-06-03
360,0,0,0,1,0,1,0,50,0,0,19,0,0,0,0,364,0,5,3,1,20,0,0,319,0,0,0,0,2,0,0,152,0,0,63,22,91,0,92,44,43,0,0,6,0,0,0,342,ConfusionMatrix_Cons_2022-06-03.csv,Cons,2022-06-03
465,0,0,0,3,0,3,0,59,0,0,6,0,0,0,0,375,0,5,0,0,2,0,0,47,0,0,0,9,4,5,0,216,0,1,2,0,2,0,0,7,1,0,0,5,0,0,0,475,ConfusionMatrix_GBT_2022-06-03.csv,GBT,2022-06-03
445,0,1,3,4,0,18,0,60,0,0,5,0,0,0,3,356,0,10,0,11,2,0,0,47,0,0,0,25,13,29,4,161,0,3,3,0,5,0,1,0,3,9,0,14,0,0,0,457,ConfusionMatrix_KNN_2022-06-03.csv,KNN,2022-06-03
461,0,0,0,5,0,5,0,60,0,0,5,0,0,0,0,369,0,11,0,0,2,0,0,47,0,0,0,10,3,7,0,212,0,3,2,0,3,0,1,4,2,2,0,5,0,0,0,473,ConfusionMatrix_RF_2022-06-03.csv,RF,2022-06-03
443,0,0,1,10,0,17,0,60,0,0,5,0,0,1,0,347,0,22,1,9,0,0,0,49,0,0,0,38,9,4,0,184,0,0,2,0,3,0,0,7,0,19,0,14,0,0,0,447,ConfusionMatrix_SVM_2022-06-03.csv,SVM,2022-06-03
518,0,0,0,0,0,3,0,494,0,0,1,0,0,0,0,322,0,5,2,4,0,0,0,26,0,0,0,2,1,0,0,298,0,0,3,0,2,0,1,7,0,2,0,0,0,0,0,487,ConfusionMatrix_CART_2022-06-16.csv,CART,2022-06-16
303,0,0,0,0,0,0,0,293,0,0,19,0,0,0,0,300,0,4,1,1,0,0,0,302,0,0,0,0,0,0,0,208,0,0,28,2,83,1,124,33,15,0,0,0,0,0,0,283,ConfusionMatrix_Cons_2022-06-16.csv,Cons,2022-06-16
521,0,0,0,0,0,0,0,495,0,0,0,0,0,0,0,331,0,1,0,1,0,0,0,26,0,0,0,2,1,0,0,298,0,0,2,0,1,0,0,10,0,1,0,0,0,0,0,488,ConfusionMatrix_GBT_2022-06-16.csv,GBT,2022-06-16
517,0,0,0,0,0,4,0,495,0,0,0,0,0,0,22,308,0,0,0,3,0,0,0,25,0,0,1,4,9,6,0,277,0,5,5,0,5,0,0,0,3,0,0,0,0,0,0,489,ConfusionMatrix_KNN_2022-06-16.csv,KNN,2022-06-16
520,0,0,0,0,0,1,0,495,0,0,0,0,0,0,0,332,0,0,0,1,0,0,0,26,0,0,0,2,0,0,0,298,0,1,3,0,2,0,0,8,0,5,0,0,0,0,0,484,ConfusionMatrix_RF_2022-06-16.csv,RF,2022-06-16
520,0,0,0,0,0,1,0,489,2,0,4,0,0,0,1,308,0,22,2,0,0,0,0,26,0,0,0,0,3,9,0,287,0,2,3,0,1,0,0,7,2,5,0,5,0,0,0,479,ConfusionMatrix_SVM_2022-06-16.csv,SVM,2022-06-16
370,0,0,0,0,0,8,0,404,0,0,0,0,0,0,0,339,0,0,0,17,0,0,0,62,0,0,0,0,0,0,0,0,0,0,1,2,1,0,0,3,0,4,0,14,0,0,0,485,ConfusionMatrix_CART_2022-06-23.csv,CART,2022-06-23
261,0,0,0,0,0,0,0,347,0,0,0,1,0,0,0,352,0,0,2,8,0,0,0,368,0,0,0,0,0,0,0,0,0,0,1,125,83,3,0,115,6,0,0,2,0,0,0,326,ConfusionMatrix_Cons_2022-06-23.csv,Cons,2022-06-23
377,0,0,0,0,0,1,0,404,0,0,0,0,0,0,0,349,0,0,0,7,0,0,0,62,0,0,0,0,0,0,0,0,0,0,0,2,0,0,0,5,0,3,0,7,0,0,0,493,ConfusionMatrix_GBT_2022-06-23.csv,GBT,2022-06-23
376,0,0,0,0,0,2,0,401,0,0,0,0,3,0,17,290,0,0,0,49,2,0,0,60,0,0,0,0,0,0,0,0,0,0,0,3,4,0,0,0,0,1,1,5,0,0,0,496,ConfusionMatrix_KNN_2022-06-23.csv,KNN,2022-06-23
376,0,0,0,0,0,2,0,404,0,0,0,0,0,0,0,347,0,0,0,9,1,0,0,61,0,0,0,0,0,0,0,0,0,0,0,2,1,0,0,4,0,3,0,8,0,0,0,492,ConfusionMatrix_RF_2022-06-23.csv,RF,2022-06-23
368,0,0,0,0,0,10,0,403,1,0,0,0,0,0,0,317,0,0,1,38,0,0,0,62,0,0,0,0,0,0,0,0,0,0,0,1,0,0,0,6,0,23,0,15,0,0,0,465,ConfusionMatrix_SVM_2022-06-23.csv,SVM,2022-06-23
480,0,0,3,0,0,5,0,405,0,0,9,0,0,0,0,386,0,12,1,6,0,0,0,37,1,0,0,0,8,20,0,420,1,3,0,3,1,0,2,1,2,11,0,6,0,1,0,542,ConfusionMatrix_CART_2022-08-15.csv,CART,2022-08-15
299,0,0,0,0,0,0,0,299,0,0,1,0,0,0,0,273,0,1,0,1,4,0,0,284,0,0,3,0,3,4,0,285,0,0,17,51,77,0,82,29,4,1,0,0,0,0,0,282,ConfusionMatrix_Cons_2022-08-15.csv,Cons,2022-08-15
484,0,0,2,0,0,2,0,412,0,0,2,0,0,0,0,399,0,1,0,5,0,0,0,38,0,0,0,0,1,9,0,442,0,0,0,3,3,0,0,2,1,6,0,2,0,0,0,552,ConfusionMatrix_GBT_2022-08-15.csv,GBT,2022-08-15
486,0,0,0,0,0,2,0,399,4,0,11,0,0,0,23,365,0,3,0,14,1,0,0,36,1,0,0,3,37,36,0,373,0,3,2,1,4,0,2,0,0,5,0,5,0,0,0,550,ConfusionMatrix_KNN_2022-08-15.csv,KNN,2022-08-15
486,0,0,0,0,0,2,0,407,0,0,7,0,0,0,0,395,0,5,0,5,0,0,0,37,1,0,0,0,5,14,0,431,0,2,1,2,4,0,1,0,1,9,0,2,0,1,0,548,ConfusionMatrix_RF_2022-08-15.csv,RF,2022-08-15
481,0,1,1,2,0,3,0,404,2,0,8,0,0,0,0,386,0,9,1,9,0,0,0,38,0,0,0,5,14,36,4,393,0,0,0,3,5,0,0,1,0,16,0,17,0,7,0,520,ConfusionMatrix_SVM_2022-08-15.csv,SVM,2022-08-15
480,0,4,2,3,5,9,0,401,0,0,11,2,0,3,0,361,0,15,1,10,1,0,0,52,0,0,0,6,16,13,0,378,0,5,0,1,0,0,0,2,0,10,0,6,0,1,0,490,ConfusionMatrix_CART_2022-09-04.csv,CART,2022-09-04
260,0,1,0,0,0,0,0,298,0,0,1,1,0,0,0,274,0,1,1,0,3,0,0,286,0,0,0,4,6,8,0,259,0,0,59,20,71,2,125,30,4,4,0,2,0,0,0,280,ConfusionMatrix_Cons_2022-09-04.csv,Cons,2022-09-04
495,0,5,0,0,0,3,0,410,0,0,4,0,0,0,0,383,0,2,0,5,3,0,0,50,0,0,0,6,4,7,0,400,0,1,0,1,0,0,0,2,0,1,0,4,0,0,0,502,ConfusionMatrix_GBT_2022-09-04.csv,GBT,2022-09-04
482,1,7,6,0,0,7,0,395,12,0,7,0,0,3,29,332,0,5,0,21,6,0,0,47,0,0,0,11,45,41,0,319,0,2,1,1,0,0,0,0,1,3,0,0,0,0,0,504,ConfusionMatrix_KNN_2022-09-04.csv,KNN,2022-09-04
493,0,5,1,0,0,4,0,411,0,0,3,0,0,0,0,386,0,2,0,2,3,0,0,50,0,0,0,7,10,18,0,381,1,1,1,1,0,0,0,1,0,3,0,4,0,0,0,500,ConfusionMatrix_RF_2022-09-04.csv,RF,2022-09-04
371,0,3,5,1,0,123,0,397,2,0,15,0,0,3,2,360,0,7,0,18,0,0,0,53,0,0,0,14,11,24,2,364,0,3,0,1,1,0,0,1,0,119,0,5,0,3,0,380,ConfusionMatrix_SVM_2022-09-04.csv,SVM,2022-09-04
470,0,6,1,9,0,18,0,277,0,0,10,2,0,7,1,378,0,11,1,14,1,0,0,53,0,0,1,3,7,8,0,336,0,0,0,1,2,1,0,0,1,28,0,15,0,1,0,446,ConfusionMatrix_CART_2022-10-19.csv,CART,2022-10-19
279,0,1,0,0,0,3,0,270,0,0,4,8,0,2,0,271,0,1,2,11,3,0,0,310,0,0,5,1,2,0,0,235,0,0,12,146,82,0,6,30,8,2,0,1,0,0,0,305,ConfusionMatrix_Cons_2022-10-19.csv,Cons,2022-10-19
489,0,3,1,0,0,11,0,279,0,0,8,2,0,5,0,395,0,1,0,11,0,0,0,54,1,0,0,1,0,1,2,350,0,0,0,1,2,0,0,1,1,9,0,2,0,0,0,479,ConfusionMatrix_GBT_2022-10-19.csv,GBT,2022-10-19
486,0,3,1,1,0,13,0,275,1,0,13,0,0,11,19,369,0,1,0,12,1,0,0,53,0,0,1,11,20,17,0,302,0,4,0,1,3,0,0,0,1,20,0,15,1,0,0,454,ConfusionMatrix_KNN_2022-10-19.csv,KNN,2022-10-19
489,0,3,0,0,0,12,0,282,0,0,7,0,0,6,1,392,0,3,0,10,0,0,0,54,1,0,0,3,2,3,2,344,0,0,0,1,2,0,0,1,1,13,0,10,0,0,0,467,ConfusionMatrix_RF_2022-10-19.csv,RF,2022-10-19
444,0,33,0,0,0,27,0,279,1,0,9,0,0,10,8,378,0,2,1,13,3,0,0,51,1,0,0,7,71,120,2,154,0,0,0,1,2,0,0,1,1,121,0,20,7,1,0,341,ConfusionMatrix_SVM_2022-10-19.csv,SVM,2022-10-19
457,0,0,0,1,0,10,0,36,0,0,3,0,0,0,0,207,0,6,3,38,0,0,0,41,0,2,0,4,7,0,0,227,0,1,2,0,0,0,0,1,0,6,0,53,0,1,2,467,ConfusionMatrix_CART_2023-02-08.csv,CART,2023-02-08
341,0,0,0,0,0,1,0,68,1,0,2,0,0,0,0,296,0,2,15,17,49,0,9,269,0,0,33,0,3,0,0,169,0,0,56,65,137,1,28,63,8,1,0,1,0,0,0,365,ConfusionMatrix_Cons_2023-02-08.csv,Cons,2023-02-08
463,0,0,0,0,0,5,0,38,0,0,1,0,0,0,0,208,0,6,2,38,0,0,0,42,1,0,0,1,4,0,0,234,0,0,1,0,1,0,0,1,0,2,0,15,0,0,0,512,ConfusionMatrix_GBT_2023-02-08.csv,GBT,2023-02-08
465,0,0,0,0,0,3,0,26,0,0,13,0,0,1,0,185,0,9,0,59,0,0,1,42,0,0,0,6,14,5,0,212,0,2,2,0,1,0,0,0,0,4,0,11,0,0,0,514,ConfusionMatrix_KNN_2023-02-08.csv,KNN,2023-02-08
462,0,0,0,1,0,5,0,37,0,0,2,0,0,0,0,206,0,6,0,42,0,0,0,42,0,0,1,2,5,0,0,232,0,0,2,0,1,0,0,0,0,2,0,13,0,0,1,513,ConfusionMatrix_RF_2023-02-08.csv,RF,2023-02-08
441,0,0,0,8,0,19,0,21,10,0,8,0,0,0,0,182,0,5,2,65,0,0,1,42,0,0,0,5,29,22,0,180,0,3,2,0,1,0,0,0,0,57,0,37,0,0,0,435,ConfusionMatrix_SVM_2023-02-08.csv,SVM,2023-02-08
434,0,1,5,1,1,23,0,25,0,0,8,0,0,2,2,230,0,6,0,73,1,0,0,53,0,0,0,2,4,7,0,396,0,4,0,0,1,0,1,4,2,36,0,66,0,3,0,412,ConfusionMatrix_CART_2023-02-26.csv,CART,2023-02-26
339,0,0,0,0,0,3,0,21,0,0,21,0,0,0,0,298,0,11,4,30,16,0,0,275,5,0,5,1,1,0,0,336,0,0,52,2,104,8,78,33,20,3,0,16,0,0,0,318,ConfusionMatrix_Cons_2023-02-26.csv,Cons,2023-02-26
448,0,0,0,0,0,17,0,24,0,0,9,0,0,0,0,261,0,7,1,44,0,0,0,54,0,0,0,3,0,2,0,406,0,2,2,0,0,0,0,5,1,15,0,45,0,0,0,457,ConfusionMatrix_GBT_2023-02-26.csv,GBT,2023-02-26
443,0,0,0,0,0,22,0,5,0,0,28,0,0,2,1,243,0,8,0,59,2,0,0,52,0,0,0,2,3,12,0,392,0,4,3,0,5,0,0,0,0,22,0,81,0,0,0,414,ConfusionMatrix_KNN_2023-02-26.csv,KNN,2023-02-26
442,0,0,0,1,0,22,0,22,0,0,11,0,0,1,0,256,0,5,0,51,2,0,0,52,0,0,0,3,2,6,0,400,0,2,2,0,0,0,0,5,1,18,0,64,0,0,0,435,ConfusionMatrix_RF_2023-02-26.csv,RF,2023-02-26
433,0,0,0,0,1,31,0,16,0,0,17,0,0,1,1,200,0,8,2,101,0,0,0,54,0,0,0,12,67,21,2,309,0,2,0,0,2,0,0,6,0,47,0,87,0,0,1,382,ConfusionMatrix_SVM_2023-02-26.csv,SVM,2023-02-26
471,0,0,0,0,2,7,0,1,0,0,0,0,0,0,0,257,0,0,2,59,0,0,0,31,0,0,0,1,0,0,0,36,0,0,3,0,0,0,0,1,2,4,0,53,1,1,1,324,ConfusionMatrix_CART_2023-03-23.csv,CART,2023-03-23
402,0,0,0,0,0,0,1,11,5,0,9,2,8,1,0,357,0,0,0,11,0,0,5,372,0,0,26,0,0,0,0,34,0,0,73,5,185,1,3,40,67,0,0,37,0,0,0,345,ConfusionMatrix_Cons_2023-03-23.csv,Cons,2023-03-23
479,0,0,0,0,0,1,0,1,0,0,0,0,0,0,0,273,0,0,0,45,0,0,0,31,0,0,0,1,0,1,0,35,0,0,3,0,0,0,0,2,1,0,0,52,0,0,0,332,ConfusionMatrix_GBT_2023-03-23.csv,GBT,2023-03-23
468,0,6,0,0,0,6,0,0,0,0,1,0,0,0,0,256,0,0,0,62,1,0,0,30,0,0,0,2,0,3,0,32,0,0,4,0,2,0,0,0,0,10,0,59,0,0,0,315,ConfusionMatrix_KNN_2023-03-23.csv,KNN,2023-03-23
478,0,0,0,0,0,2,0,1,0,0,0,0,0,0,0,267,0,0,0,51,0,0,0,31,0,0,0,1,0,0,0,36,0,0,3,0,1,0,0,1,1,2,0,59,0,0,0,323,ConfusionMatrix_RF_2023-03-23.csv,RF,2023-03-23
477,0,2,1,0,0,0,0,1,0,0,0,0,0,3,0,253,0,0,0,62,0,0,0,31,0,0,0,0,0,0,0,37,0,0,4,0,1,0,0,0,1,21,0,115,1,0,0,247,ConfusionMatrix_SVM_2023-03-23.csv,SVM,2023-03-23
480,0,0,3,2,0,9,0,0,0,0,1,0,0,3,0,102,0,1,0,20,0,0,0,37,0,1,0,0,0,0,0,342,0,1,2,0,0,0,1,4,0,6,0,17,0,0,1,344,ConfusionMatrix_CART_2023-04-07.csv,CART,2023-04-07
376,0,0,0,0,0,0,0,1,0,0,50,0,0,0,0,120,0,17,0,40,5,0,0,398,0,0,0,0,0,0,0,253,0,0,85,0,128,12,54,65,27,1,0,46,0,0,0,322,ConfusionMatrix_Cons_2023-04-07.csv,Cons,2023-04-07
492,0,1,0,0,0,1,0,0,0,0,1,0,0,0,0,108,0,2,0,16,0,0,0,38,0,0,0,0,0,0,0,343,0,0,1,0,0,1,1,3,1,3,0,9,0,0,0,356,ConfusionMatrix_GBT_2023-04-07.csv,GBT,2023-04-07
491,0,0,0,0,0,3,0,0,0,0,1,0,0,0,0,84,0,0,0,42,2,0,0,34,0,0,2,1,0,6,0,331,0,5,2,0,1,1,0,1,2,0,0,10,0,0,0,358,ConfusionMatrix_KNN_2023-04-07.csv,KNN,2023-04-07
493,0,1,0,0,0,0,0,0,0,0,1,0,0,1,0,105,0,1,0,19,1,0,0,36,0,1,0,0,0,2,0,341,0,0,2,0,1,0,0,4,0,4,0,14,0,0,0,350,ConfusionMatrix_RF_2023-04-07.csv,RF,2023-04-07
480,0,0,5,0,4,5,0,0,0,0,1,0,0,4,0,70,0,1,0,51,4,0,0,34,0,0,0,0,2,5,0,325,0,11,3,0,1,0,0,3,0,7,0,17,0,0,0,344,ConfusionMatrix_SVM_2023-04-07.csv,SVM,2023-04-07
505,0,6,7,0,0,10,0,42,0,0,11,0,1,6,0,285,0,1,0,69,4,0,0,57,0,0,0,1,5,1,0,182,0,1,0,0,0,0,0,4,0,9,0,91,0,2,0,362,ConfusionMatrix_CART_2023-04-14.csv,CART,2023-04-14
345,0,1,0,0,0,0,0,26,0,0,9,0,1,1,0,346,0,0,0,17,13,0,1,370,0,8,0,0,0,0,0,140,0,0,92,1,168,2,20,57,35,6,0,20,0,0,0,321,ConfusionMatrix_Cons_2023-04-14.csv,Cons,2023-04-14
522,0,3,2,0,1,0,0,46,0,0,8,0,0,0,0,315,0,1,0,45,2,0,0,59,0,0,0,2,2,1,0,185,0,0,0,0,0,0,0,4,0,7,0,49,0,0,0,408,ConfusionMatrix_GBT_2023-04-14.csv,GBT,2023-04-14
493,0,12,4,6,0,13,0,8,0,0,45,0,1,6,0,273,0,1,0,81,3,0,0,58,0,0,0,3,8,2,0,174,0,3,3,0,1,0,0,0,0,9,0,59,0,1,0,395,ConfusionMatrix_KNN_2023-04-14.csv,KNN,2023-04-14
515,0,5,4,0,1,3,0,41,0,0,12,0,1,0,0,303,0,1,0,57,2,0,0,59,0,0,0,1,5,1,0,182,0,1,0,0,0,0,0,4,0,11,0,46,0,0,0,407,ConfusionMatrix_RF_2023-04-14.csv,RF,2023-04-14
491,0,12,1,1,1,22,0,20,2,0,31,0,1,13,0,229,0,0,0,119,3,0,0,58,0,0,0,4,8,3,0,172,0,3,4,0,0,0,0,0,0,16,0,37,0,0,0,411,ConfusionMatrix_SVM_2023-04-14.csv,SVM,2023-04-14
356,0,0,0,0,0,0,0,0,0,0,0,0,0,0,0,29,0,0,0,8,0,0,0,18,0,0,0,0,0,0,0,3,0,0,0,0,0,0,0,8,0,0,0,2,0,0,0,247,ConfusionMatrix_CART_2023-04-19.csv,CART,2023-04-19
363,0,1,0,0,0,0,0,1,21,0,0,3,0,0,0,58,1,0,10,2,9,0,3,499,0,3,0,0,0,0,0,0,0,0,72,0,214,5,0,191,20,2,0,1,0,0,0,521,ConfusionMatrix_Cons_2023-04-19.csv,Cons,2023-04-19
355,0,1,0,0,0,0,0,0,0,0,0,0,0,0,0,29,0,0,0,8,0,0,0,18,0,0,0,0,0,0,0,3,0,0,1,0,0,0,0,7,0,0,0,0,0,0,0,249,ConfusionMatrix_GBT_2023-04-19.csv,GBT,2023-04-19
353,0,1,0,0,0,2,0,0,0,0,0,0,0,1,0,18,0,0,0,18,0,0,1,17,0,0,0,0,0,0,3,0,0,0,6,0,0,0,0,0,2,0,0,0,0,0,0,249,ConfusionMatrix_KNN_2023-04-19.csv,KNN,2023-04-19
355,0,1,0,0,0,0,0,0,0,0,0,0,0,0,0,28,0,0,0,9,0,0,0,18,0,0,0,0,0,0,0,3,0,0,1,0,0,0,0,7,0,1,0,0,0,0,0,248,ConfusionMatrix_RF_2023-04-19.csv,RF,2023-04-19
356,0,0,0,0,0,0,0,0,0,0,0,0,0,0,0,25,0,0,0,12,0,0,0,18,0,0,0,0,0,0,0,3,0,0,3,0,0,0,0,5,0,1,0,2,0,0,0,246,ConfusionMatrix_SVM_2023-04-19.csv,SVM,2023-04-19
524,0,2,0,1,1,3,0,27,0,0,8,0,0,0,0,184,0,15,0,65,2,0,0,49,0,0,0,2,12,13,4,367,0,5,0,0,0,0,1,2,0,3,0,72,0,1,0,426,ConfusionMatrix_CART_2023-05-12.csv,CART,2023-05-12
345,0,1,0,0,0,1,0,30,0,0,19,0,0,0,0,229,0,18,3,55,2,0,0,317,0,0,2,1,3,1,0,317,0,1,44,1,68,4,81,91,43,0,0,4,0,0,0,319,ConfusionMatrix_Cons_2023-05-12.csv,Cons,2023-05-12
529,0,2,0,0,0,0,0,28,0,0,7,0,0,0,0,199,0,10,0,55,1,0,0,50,0,0,0,2,4,5,0,392,0,0,0,0,0,0,0,3,0,1,0,29,0,0,0,472,ConfusionMatrix_GBT_2023-05-12.csv,GBT,2023-05-12
526,0,0,0,0,0,5,0,15,0,0,20,0,0,4,0,159,0,15,0,86,3,0,0,48,0,0,0,9,8,13,7,353,0,13,1,0,1,0,0,0,1,1,0,23,0,0,0,478,ConfusionMatrix_KNN_2023-05-12.csv,KNN,2023-05-12
525,0,2,0,0,0,4,0,25,0,0,10,0,0,0,1,185,0,15,0,63,1,0,0,50,0,0,0,4,4,5,0,389,0,1,0,0,1,0,0,2,0,1,0,28,0,0,0,473,ConfusionMatrix_RF_2023-05-12.csv,RF,2023-05-12
484,0,2,1,0,36,8,0,8,3,0,24,0,0,0,0,151,0,8,1,104,4,0,0,43,0,4,0,9,14,54,11,304,0,11,0,0,1,0,0,2,0,1,0,35,0,0,0,466,ConfusionMatrix_SVM_2023-05-12.csv,SVM,2023-05-12
487,0,1,0,0,1,2,0,35,0,0,12,0,0,1,0,204,0,15,0,26,0,0,0,38,0,0,0,7,17,19,1,362,1,1,2,0,1,0,0,3,0,2,0,17,0,2,0,451,ConfusionMatrix_CART_2023-05-27.csv,CART,2023-05-27
330,0,0,0,0,0,3,0,65,0,0,9,0,0,0,0,281,0,6,4,25,2,0,0,314,0,0,0,4,2,3,0,309,0,0,45,24,65,7,76,76,32,1,0,6,0,0,0,311,ConfusionMatrix_Cons_2023-05-27.csv,Cons,2023-05-27
484,0,2,0,0,0,5,0,38,0,0,9,0,0,0,0,227,0,7,0,12,0,0,0,38,0,0,0,7,4,11,0,386,0,0,1,0,0,0,0,5,0,2,0,2,0,0,0,468,ConfusionMatrix_GBT_2023-05-27.csv,GBT,2023-05-27
478,0,4,0,2,0,7,0,17,0,0,30,0,0,0,0,193,0,11,0,42,0,0,0,38,0,0,0,15,7,23,0,358,0,5,3,0,0,0,0,1,2,2,0,9,0,2,0,459,ConfusionMatrix_KNN_2023-05-27.csv,KNN,2023-05-27
480,0,4,1,1,0,5,0,36,0,0,11,0,0,0,0,219,0,9,0,18,0,0,0,38,0,0,0,7,8,15,0,377,0,1,2,0,1,0,0,3,0,2,0,3,0,0,0,467,ConfusionMatrix_RF_2023-05-27.csv,RF,2023-05-27
465,0,7,1,1,0,17,0,30,4,0,13,0,0,0,0,163,0,33,0,50,0,0,0,38,0,0,0,18,18,85,0,285,0,2,1,0,1,0,0,4,0,16,0,47,0,0,0,409,ConfusionMatrix_SVM_2023-05-27.csv,SVM,2023-05-27
551,0,0,0,1,2,6,0,36,0,0,9,0,0,0,0,181,0,1,1,7,0,0,0,62,0,0,0,0,4,0,0,33,0,0,0,1,1,0,0,2,1,6,0,2,0,0,0,463,ConfusionMatrix_CART_2023-05-29.csv,CART,2023-05-29
432,0,0,0,0,0,1,0,42,0,0,1,0,0,0,2,250,0,0,6,1,1,0,0,397,0,0,1,0,2,0,0,23,0,0,37,108,134,23,0,108,13,2,0,2,0,0,0,414,ConfusionMatrix_Cons_2023-05-29.csv,Cons,2023-05-29
556,0,0,0,0,1,3,0,41,0,0,4,0,0,0,0,182,0,0,1,7,0,0,0,62,0,0,0,0,2,2,0,33,0,0,0,1,1,1,0,2,0,2,0,1,0,0,0,468,ConfusionMatrix_GBT_2023-05-29.csv,GBT,2023-05-29
554,0,0,0,0,0,6,0,41,3,0,1,0,0,0,2,175,0,1,0,12,1,0,0,61,0,0,0,6,8,14,0,9,0,0,0,2,1,1,0,1,0,5,0,2,0,0,0,464,ConfusionMatrix_KNN_2023-05-29.csv,KNN,2023-05-29
555,0,0,0,1,0,4,0,43,0,0,2,0,0,0,0,183,0,0,0,7,0,0,0,62,0,0,0,0,4,0,0,33,0,0,0,1,2,1,0,1,0,4,0,1,0,0,0,466,ConfusionMatrix_RF_2023-05-29.csv,RF,2023-05-29
547,0,0,0,0,0,13,0,43,0,0,2,0,0,1,0,160,0,4,3,22,0,0,0,62,0,0,0,1,4,1,0,31,0,0,0,0,1,1,0,3,0,15,0,5,0,0,0,451,ConfusionMatrix_SVM_2023-05-29.csv,SVM,2023-05-29
514,0,1,0,0,1,12,0,86,1,0,18,2,0,4,0,392,0,12,2,18,0,0,0,49,0,0,0,1,12,1,0,349,0,2,1,0,2,0,1,4,2,13,0,24,0,1,1,458,ConfusionMatrix_CART_2023-06-08.csv,CART,2023-06-08
314,0,0,0,0,0,3,0,67,0,0,47,1,0,0,0,315,0,6,0,6,2,0,0,351,0,0,0,0,0,0,0,246,0,1,34,17,40,22,144,25,33,0,0,6,0,0,0,320,ConfusionMatrix_Cons_2023-06-08.csv,Cons,2023-06-08
523,0,0,0,0,0,5,0,95,0,0,11,1,0,1,0,409,0,9,0,9,0,0,0,49,0,0,0,1,5,1,0,354,0,4,2,0,1,0,2,3,2,1,0,11,0,0,0,485,ConfusionMatrix_GBT_2023-06-08.csv,GBT,2023-06-08
515,0,1,0,0,0,12,0,53,0,0,54,0,0,2,3,376,0,13,0,34,0,0,0,48,0,0,1,2,14,12,0,334,0,3,2,0,4,0,3,0,1,2,0,23,0,0,0,472,ConfusionMatrix_KNN_2023-06-08.csv,KNN,2023-06-08
515,0,1,0,0,0,12,0,93,0,0,14,0,0,0,0,407,0,11,0,10,0,0,0,49,0,0,0,2,3,4,0,352,0,4,2,0,2,0,2,2,2,2,0,15,0,0,0,480,ConfusionMatrix_RF_2023-06-08.csv,RF,2023-06-08
491,0,1,0,0,0,36,0,71,3,0,33,0,0,6,1,311,0,42,1,67,0,0,0,48,0,0,1,1,187,16,0,155,0,6,0,0,0,0,1,6,3,20,0,34,0,0,0,443,ConfusionMatrix_SVM_2023-06-08.csv,SVM,2023-06-08
486,0,1,0,0,1,15,0,435,0,0,5,0,0,0,0,434,0,9,1,21,1,0,0,48,0,0,0,1,3,3,0,352,2,3,1,0,1,0,0,2,0,5,0,14,0,6,0,464,ConfusionMatrix_CART_2023-07-08.csv,CART,2023-07-08
323,0,0,0,0,0,0,0,291,0,0,2,1,0,0,0,295,0,0,0,4,0,0,0,282,0,0,0,0,0,0,0,193,0,0,40,17,94,3,149,9,11,1,0,2,0,0,0,283,ConfusionMatrix_Cons_2023-07-08.csv,Cons,2023-07-08
501,0,0,0,0,0,2,0,440,0,0,0,0,0,0,0,451,0,1,0,13,0,0,0,49,0,0,0,0,0,5,0,358,0,1,1,0,0,0,1,2,0,1,0,3,0,0,1,484,ConfusionMatrix_GBT_2023-07-08.csv,GBT,2023-07-08
497,0,1,0,0,0,5,0,430,5,0,5,0,0,1,36,403,0,1,0,24,0,0,0,49,0,0,0,2,21,26,0,312,0,3,2,1,0,0,1,0,0,2,0,16,0,4,0,467,ConfusionMatrix_KNN_2023-07-08.csv,KNN,2023-07-08
501,0,0,0,0,0,2,0,439,0,0,1,0,0,0,0,445,0,4,0,16,0,0,0,49,0,0,0,0,3,5,0,355,0,1,1,0,1,0,0,2,0,1,0,13,0,0,0,475,ConfusionMatrix_RF_2023-07-08.csv,RF,2023-07-08
482,0,2,0,1,0,18,0,440,0,0,0,0,0,0,5,412,0,4,0,44,0,0,0,49,0,0,0,0,12,19,0,328,0,5,2,0,0,0,0,1,1,11,0,16,0,1,1,460,ConfusionMatrix_SVM_2023-07-08.csv,SVM,2023-07-08
457,0,8,0,1,0,11,0,385,0,0,13,1,0,5,0,395,0,11,1,34,0,0,1,57,1,0,0,3,9,5,0,387,1,6,0,3,5,0,0,1,1,15,0,18,0,1,2,452,ConfusionMatrix_CART_2023-09-04.csv,CART,2023-09-04
296,0,3,0,0,0,0,0,269,0,0,4,0,0,1,0,270,0,2,0,2,21,0,0,293,1,0,2,0,4,0,0,264,0,0,8,59,50,1,154,6,6,2,0,0,0,0,0,282,ConfusionMatrix_Cons_2023-09-04.csv,Cons,2023-09-04
471,0,5,0,0,0,1,0,394,0,0,5,0,0,1,0,424,0,4,0,17,0,0,2,57,0,0,0,1,5,5,0,400,0,0,0,2,4,0,0,4,0,4,0,8,0,0,0,476,ConfusionMatrix_GBT_2023-09-04.csv,GBT,2023-09-04
462,0,4,0,0,0,11,0,387,5,0,7,0,0,6,29,369,0,3,0,39,0,0,0,58,1,0,0,1,27,22,0,359,0,2,0,2,6,0,2,0,0,14,0,12,0,0,0,462,ConfusionMatrix_KNN_2023-09-04.csv,KNN,2023-09-04
469,0,5,0,0,0,3,0,393,0,0,6,0,0,0,0,420,0,3,0,23,0,0,0,58,1,0,0,2,3,8,0,396,0,2,0,3,5,0,2,0,0,8,0,11,0,0,0,469,ConfusionMatrix_RF_2023-09-04.csv,RF,2023-09-04
456,0,2,0,0,0,19,0,398,1,0,0,0,0,9,18,321,0,3,2,93,0,0,0,58,1,0,0,0,195,40,2,165,2,7,1,2,3,0,0,3,1,31,0,20,0,1,0,436,ConfusionMatrix_SVM_2023-09-04.csv,SVM,2023-09-04
457,0,2,0,0,0,3,0,418,0,0,4,0,0,5,0,400,0,2,3,39,0,0,0,49,0,0,0,0,4,3,0,351,0,0,0,3,0,0,1,0,1,12,0,29,0,2,0,476,ConfusionMatrix_CART_2023-09-06.csv,CART,2023-09-06
279,0,0,0,0,0,2,0,304,0,0,2,0,0,0,0,280,0,1,0,5,3,0,0,278,0,0,2,0,1,2,0,214,0,0,3,52,40,5,134,63,13,0,0,1,0,0,0,316,ConfusionMatrix_Cons_2023-09-06.csv,Cons,2023-09-06
457,0,4,0,0,0,1,0,420,0,0,2,0,0,1,0,429,0,2,0,17,0,0,0,49,0,0,0,0,2,3,0,353,0,0,1,2,0,0,0,2,0,2,0,8,0,0,0,509,ConfusionMatrix_GBT_2023-09-06.csv,GBT,2023-09-06
452,0,1,0,0,0,9,0,406,10,0,6,0,0,2,23,362,0,10,0,52,0,0,0,48,0,0,1,1,33,27,0,294,0,3,1,2,1,0,1,0,0,4,0,8,0,1,0,506,ConfusionMatrix_KNN_2023-09-06.csv,KNN,2023-09-06
457,0,4,0,0,0,1,0,415,0,0,7,0,0,0,0,425,0,2,0,22,0,0,0,49,0,0,0,0,4,4,0,350,0,0,1,2,0,0,2,0,0,6,1,12,0,0,0,500,ConfusionMatrix_RF_2023-09-06.csv,RF,2023-09-06
450,0,0,0,0,0,12,0,415,0,0,7,0,0,4,4,356,0,14,0,71,0,0,0,49,0,0,0,1,46,11,0,281,0,19,1,1,0,0,0,2,1,6,0,9,0,7,0,497,ConfusionMatrix_SVM_2023-09-06.csv,SVM,2023-09-06
484,0,3,0,0,0,1,0,401,0,0,0,0,0,4,0,408,0,0,1,8,0,0,0,26,0,0,0,0,0,0,0,0,0,0,0,5,1,0,0,3,0,4,1,5,0,0,0,447,ConfusionMatrix_CART_2023-09-16.csv,CART,2023-09-16
342,0,0,0,0,0,0,0,341,0,0,0,3,0,0,0,324,0,0,1,5,7,0,0,317,0,0,0,0,0,0,0,0,0,0,5,43,84,21,0,130,20,0,1,7,0,0,1,348,ConfusionMatrix_Cons_2023-09-16.csv,Cons,2023-09-16
485,0,3,0,0,0,0,0,401,0,0,0,0,0,1,0,417,0,0,0,3,0,0,0,26,0,0,0,0,0,0,0,0,0,0,0,3,0,0,0,5,1,0,0,1,0,0,0,456,ConfusionMatrix_GBT_2023-09-16.csv,GBT,2023-09-16
483,2,2,0,0,0,1,0,392,9,0,0,0,0,2,27,373,0,0,0,19,0,0,0,26,0,0,0,0,0,0,0,0,0,0,0,3,2,0,0,3,1,2,1,0,0,0,0,454,ConfusionMatrix_KNN_2023-09-16.csv,KNN,2023-09-16
485,0,3,0,0,0,0,0,401,0,0,0,0,0,0,0,417,0,0,0,4,0,0,0,26,0,0,0,0,0,0,0,0,0,0,0,2,2,0,0,4,1,2,0,1,0,0,0,454,ConfusionMatrix_RF_2023-09-16.csv,RF,2023-09-16
486,0,2,0,0,0,0,0,399,0,0,0,2,0,130,13,225,0,0,0,53,0,0,0,26,0,0,0,0,0,0,0,0,0,0,0,3,1,0,0,4,1,0,0,0,0,0,0,457,ConfusionMatrix_SVM_2023-09-16.csv,SVM,2023-09-16
